# Resource object code (Python 3)
# Created by: object code
# Created by: The Resource Compiler for Qt version 6.11.2
# WARNING! All changes made in this file will be lost!

from PySide6 import QtCore

qt_resource_data = b"\
\x00\x00\x07o\
i\
mport QtQuick\x0d\x0ai\
mport QtQuick.Co\
ntrols\x0d\x0aimport Q\
tQuick.Layouts\x0d\x0a\
import QtWebEngi\
ne\x0d\x0a\x0d\x0aRectangle \
{\x0d\x0a  color: Them\
e.contentBackgro\
und\x0d\x0a  property \
var title: \x22\xe5\xbc\x80\xe5\
\xa7\x8b\x22\x0d\x0a  property \
var url: ''\x0d\x0a\x0d\x0a \
 ColumnLayout {\x0d\
\x0a    anchors.fil\
l: parent\x0d\x0a    a\
nchors.margins: \
10\x0d\x0a    spacing:\
 12\x0d\x0a\x0d\x0a    Progr\
essBar {\x0d\x0a      \
id: bar\x0d\x0a      L\
ayout.fillWidth:\
 true\x0d\x0a      hei\
ght: 2\x0d\x0a      in\
determinate: tru\
e\x0d\x0a      visible\
: false\x0d\x0a\x0d\x0a     \
 background: Rec\
tangle {\x0d\x0a      \
  implicitHeight\
: 2\x0d\x0a        col\
or: \x22#e0e0e0\x22\x0d\x0a \
     }\x0d\x0a\x0d\x0a      \
contentItem: Ite\
m {\x0d\x0a        imp\
licitHeight: 2\x0d\x0a\
        clip: tr\
ue              \
         // \xe8\xb6\x85\xe5\
\x87\xba\xe9\x83\xa8\xe5\x88\x86\xe8\xa3\x81\xe6\x8e\x89\x0d\x0a\
\x0d\x0a        Rectan\
gle {\x0d\x0a         \
 id: slider\x0d\x0a   \
       width: pa\
rent.width * 0.3\
\x0d\x0a          heig\
ht: parent.heigh\
t\x0d\x0a          col\
or: \x22#3366cc\x22\x0d\x0a\x0d\
\x0a          Seque\
ntialAnimation o\
n x {\x0d\x0a         \
   running: bar.\
indeterminate &&\
 bar.visible\x0d\x0a  \
          loops:\
 Animation.Infin\
ite\x0d\x0a           \
 NumberAnimation\
 {\x0d\x0a            \
  from: -slider.\
width\x0d\x0a         \
     to: bar.wid\
th\x0d\x0a            \
  duration: 1200\
\x0d\x0a              \
easing.type: Eas\
ing.InOutQuad\x0d\x0a \
           }\x0d\x0a  \
        }\x0d\x0a     \
   }\x0d\x0a      }\x0d\x0a \
   }\x0d\x0a\x0d\x0a    RowL\
ayout {\x0d\x0a      L\
ayout.rightMargi\
n: 8\x0d\x0a      spac\
ing: 8\x0d\x0a\x0d\x0a      \
Item {Layout.fil\
lWidth: true}\x0d\x0a\x0d\
\x0a      Icon {\x0d\x0a \
       id: edit \
\x0d\x0a        name: \
\x22edit\x22\x0d\x0a        \
width: 11\x0d\x0a     \
   height: 11\x0d\x0a \
       onClicked\
: {\x0d\x0a          p\
ageTreeModel.edi\
t()\x0d\x0a        }\x0d\x0a\
      }\x0d\x0a\x0d\x0a     \
 Icon {\x0d\x0a       \
 id: upload\x0d\x0a   \
     name: \x22uplo\
ad\x22\x0d\x0a        wid\
th: 11\x0d\x0a        \
height: 11\x0d\x0a    \
    onClicked: {\
\x0d\x0a          bar.\
visible = true\x0d\x0a\
          pageTr\
eeModel.share()\x0d\
\x0a        }\x0d\x0a    \
  }\x0d\x0a\x0d\x0a    }\x0d\x0a\x0d\x0a\
    WebEngineVie\
w {\x0d\x0a      Layou\
t.fillWidth: tru\
e\x0d\x0a      Layout.\
fillHeight: true\
\x0d\x0a      url: pag\
eTreeModel.curre\
nt_url\x0d\x0a    }\x0d\x0a\x0d\
\x0a    // Connect\x0d\
\x0a    Connections\
 {\x0d\x0a      target\
: pageTreeModel\x0d\
\x0a      function \
onUploadDone(ind\
ex) {\x0d\x0a        b\
ar.visible = fal\
se\x0d\x0a      }\x0d\x0a   \
 }\x0d\x0a\x0d\x0a  }\x0d\x0a}\x0d\x0a\
\x00\x00\x03\xeb\
i\
mport QtQuick\x0aim\
port QtQuick.Con\
trols\x0aimport QtQ\
uick.Layouts\x0a\x0aAp\
plicationWindow \
{\x0a    id: window\
\x0a    width: 1080\
\x0a    height: 720\
\x0a    visible: tr\
ue\x0a    title: \x22N\
otion\x22\x0a    color\
: Theme.contentB\
ackground\x0a\x0a    R\
owLayout {\x0a     \
   anchors.fill:\
 parent\x0a        \
spacing: 0\x0a\x0a    \
    Sidebar {\x0a  \
          Layout\
.fillHeight: tru\
e\x0a        }\x0a\x0a   \
     Page2 {\x0a   \
       Layout.fi\
llWidth: true\x0a  \
        Layout.f\
illHeight: true\x0a\
\x0a        }\x0a    }\
\x0a    // Main.qml\
 \xe9\x87\x8c\x0a    CreateP\
rojectPage {\x0a   \
   id: createPro\
jectPage\x0a      p\
roperty bool fro\
m_root: true\x0a   \
   anchors.fill:\
 parent\x0a      vi\
sible: false\x0a\x0a  \
    onCancelled:\
 visible = false\
\x0a      onCreateR\
equested: (name,\
 description, co\
lorName) => {\x0a  \
      if (from_r\
oot)\x0a          p\
ageTreeModel.add\
_node(name, \x22fol\
der\x22)\x0a        el\
se\x0a          pag\
eTreeModel.add_n\
ode_from_project\
(name, \x22folder\x22)\
\x0a        visible\
 = false\x0a      }\
\x0a    }\x0a\x0a    Shor\
tcut {\x0a      seq\
uences: [Standar\
dKey.Paste]   //\
 \xe6\x88\x96\xe8\x80\x85 \x22Ctrl+V\x22\
\x0a      onActivat\
ed: pageTreeMode\
l.paste_files()\x0a\
    }\x0a  }\x0a\
\x00\x00\x095\
\x00\
\x000fx\xda\xedZ\xddo\xdc\xc6\x11\x7f\xe7_\xb1\
\xe0Cpg\xab\x94lX\x81s\xae\x1a\xd8\x8a\x83\x08\
\xb0\x0c\xdbR\x9b\x87 \x10x\xc7\xd5\x1d\x13\x1e\x97^\
\xee\xe9\xa3\xc9\x01\x02\x92FVl\xc5\x09Z\x07\x91\xa5\
\x18\x8ac\xa3j\x83\x086\x9aOY\xb6\xff\x19\x91'\
=\xf9_\xe8,\xbfD\xde-?t\x92b\xa4(\x1f\
\xa4\xe3\xee\xecpgv\xe67\xb3\xb3\xab7-B\x19\
\xba\xca\xae\xb6\xf4\xda\xfb\x92\x9exU\xde\xd0U\x83\xd4\
\xed\xee\xe6Qb2J\x8c\x9e\xf6K\xea<i1[\
\x92\xae\xe1\x1aS\xcd\xba\x81\xd1\x07\x12\x82G\xd7*\xc8\
\xd65\x5cU\xa9\xf7>\xabk\xacQA\x93\x0d\xdc\xc4\
J\xd0\xf16o\xf3zk\xc4 \xb4\xab\xf7\x82Z{\
\xbfNI\xcb\xd4<\x92*\xa1\x1a\xa6J\xc0\xe7T\xbc\
-1\xdao\x1b\xe5M\x92G\x04?[M\xd3\x9fh\
09\xfe\xa8f\xadA\xa8\xadL\xeb\x86QA\x96J\
\xb1\xc9\xa2N\xdbRk\xbaY\xaf\xa0!)j\x1b\x1c\
D\xce\xcf\x0fw\x9e\xae9\xb7\xb6\x9c\x1b\x8b\xee\xf2}\
w\xfdv\xd4\xdb-\x7f\xf8\xf8\xdf\xf5\xbe\xf2\xb6?u\
F[XDbQ<\x8d)\xc5\xda[X\xaf7X\
\x05\x9d\x19N\x90\x05R\xce\xda\xe3*Hl2U7\
\xedq\xd2\xb21z=\x10\xbdAfpLm\xa8\x82\
dFU\xd3\xf6\x85\x93\xa5\x04\xbbkd\xb6G'\x85\
t\xd3Md\xe0i6\xae\xd2\xban\xc2\xb2\x9cN%\
\xa3\x5c\xa8\x90\xeel\x0fY\xa4\xf1\xb3RO_\x9an\
\xc3'\xb0\x89\xd3\xa7\x85\xbd\x8d@\x9d)\xddT\xd5\xf4\
\x96]A\xc3\xc2\xde\x84i\xa9\xb5\x9aH\x11\xfc\x99\xc4\
s,evq%\xf0\xf1\x98\x8e\x99\xa9J\x0d\x1f\x06\
\xfc`\xf9.\xcb\xa9\x14\xc1\xcc\xe4\xd9\x86\xcep:\xd9\
4X\x0a\xf8\x84\xa1\x09\x0c\xaf\x87\xce\xd2\xe7\xb01\xa1\
\xff\x15\x0bW\x92?m)\xbf%C\x17\x81X\xee\x8d\
/:w?\x8e\xbcI<\xfb\xee\x19\xf9k\xc0[\xf9\
\xfbeB\x9b\xaa!\xf5+rb]\xf9\xac\xaeP\xbd\
\xa9\xd2y!q\x01\x1f\x0e\x1fl\x00xU<\x15(\
\x17\xf9\xefk\xdc\xf8\x0a(m\x0c\x5c:Ei\xa6\xda\
\x04\x96r\xad\x81g(1\xe5b\xf2L``\xa8\xa5\
I\x14\xa2\xe8\xa9L\x8fI\xe9\xa6\x84\xa9L'`\xc4\
\xaf\x0d\xe5H\x96|\xf3\xd0\xea<\xc5\xaa@P\x1e/\
8\xb4\xf5\x87E\x1e\xf2]4\xd5\xaa\x81E\xab\xbe?\
\x8dv\x12\xcf\x9f\x7f\xe7.\xff\xec\xfc\xed\xa1s\xfb\xdb\
\xa8\xdd\x8f\x17}\xc3x\x950F\x9a!\xd0\xbd*\x22\
a\xc4\x0a\xfb\xcf\x88\xfa\xe3\x88zVD\x90\x81\xa5\x11\
\x8e\x9eJ\xe2\xe8\x84\x1fT\xcf\xd7\xf8\xca\xa1\x0f\x90$\
4\x08_\xbd~\x90\xed&\xd1\xc1\xa0.\xfb\xa6h\x19\
-[\xee\xee7\xd4*6\xb8s\x7f\xf9\xc8y\xb2\xb5\
\xf7\xcd\x8f{_\xdf\xef!\x22\xe6\xa8\x01y\x03_\xa5\
^\x1b\xb0\xd4:\x9e\xa4\x18\x8f\x13\x0d\x1b\x8a\xaaiS\
&\xfc*\xc9\x7f6\x99\xce`e\xe5\x01\xf84\xd0\xc8\
e\xa9\xb8\xd1\x1d\xa9\xe0\xd3\x80*\x98\xfe\xa1\x90\xfc\xbf\
vV7\x0f&\x7f\x0d\x5c\x83\xe1+\x94\xbc\x07\x01\xef\
\x0a\x08\xaaLS\xd2\x9c\xa2\x8404\x22\xc6\x9c\xde!\
3\xba\xad\x83\x1b\x88\x07\xb4\xd3\xdd\xe2\x083\x99\xc3\xd8\
o\x84=R*\xbc\xc53<\x81_\x8f1\xdc\x84u\
N\xcd\xaa\xba0\xc07Tw\xfd\x8b\x17\xdbw\xdd;\
\x8f\xdc\xe5M\xf7\xeb\x87\xbb\x8b\xffv>\xff\xcc\xb9\xfd\
\xc8\xdd\xf8\xc6\xb9w3i\x99/\xb6o8k\x1b\xa8\
\x09\x09\x98b\xcd\xa3\xbd\xc5[{\x0bww\x9f/\xc6\
\xb9\xda\x98\xf1\x94\xd9\x0b,\xc4\xc2\x94\xcd#\xf7?\x1b\
\x804/\xb6\x97^l\xdf\xda\xf9e\xd9\xf9d\x99s\
\xb9:~\x89sp>Yq\xbf\x7f\xe2\x7f?\xe2\xc3\
\xbf\xf8\x17\x1d\xcfv-\x84\xeeA\x9c\xdf\xd5\xe7\x0aq\
\x92P!=45C\xb7\x04\xcdM.{%\xa9\x8a\
\x04A\x95'\x9d\xf6\x05\xdcPgt\xbeZorK\
\xe7\x90\xacL\x00\xe2\x9dg\x17\xbc\xfe$,\x8d\x12\xd8\
O\x98\xdc\xf5\xc03\xe0\xb7\x81\x99\xc87\xae2\xa5\xa6\
\x1a\xc6%\xb0uZ*\x95\xd1\xc8\x9f\x04\xee3\xa3R\
\xa4\x9b\x1a\x9e\xc36X\x7f\x12L\xea\x98M\xe19K\
\x85nm* *\x95\xa5\xde\xd4\x81\xa2\x92\xc7\x078\
\x0c\x9d\x83\x7f\x7f\x0cY\x82U\x9bu\xd6\x80\xb6\x93'\
\xcb\xc2H\x1d\xae\x89\xe2\x7fh\x92\x8c\xf1\x91\xa5`\xfc\
;\xfa\xbb\xe5\xdc<\xa0]\xeerP)\x09\x1e\x17\x03\
\x11*\xa8D\xc9\xec\x00\xd2\xb0\xc5\x1aBu$\xc5\xb7\
c\xe2\x97\xa2yz3\xf3\x19\x0d\x95\x07\xbc\x15\xcf\xf9\
>8\x9d\xa1Z\xf61M`Z5\xec\xec\x19\xd8\xd8\
\xc0\x1e\x90\x8f\xfb\xc6\xc8}}\x22\xd1\xd63\x8f\xd0[\
\x92d]D\xb9\xb6\xdd\xee6[\xd3\xf4\xb9\xd9=\x1f\
d\x80k\x98e1\x03;k\x99~<\x02\x95\xb6(\
\x0f=\x9e\xad\x8c6\x00xAA\x9e^DF\xd6+\
\x08\xd7l\x9c\x85?v@\xa0\x19e\xd4\xc0\x10\x07M\
\xcdo.K\x07\xb1\xdf\xbc\x88\x9bx\x85\x8f\xe1:\xb8\
j%\xc0ba\xb2\xc7\xbf\xf6F@\xd8\xbb\xe5\x03\x08\
\x8d\xd0og\xfb.\xc7\xe3O7:OVv\x9f\xaf\
\xecl\xad:\xdf>r\xbf\xfal\xe7\x97-D\xf1\xf5\
\x96\x0e\xe8\x8e\xf8~\xe2\xf1=w\xe1\x9f\xbb?\xdet\
\x16\xb6{\x18F\x84V\x88\xc7UB\x0c\x14\xdadQ\
\xfa\x86j\x8f6tC\x03}\x17\x18\xa2\x9b\xcc\xf7\x90\
\x82\xb4\xe0\x09\x05(9>5\x05F\x95:\xe9\x9ao\
\x1f\xbdZ\xd6\x01p\xf5\x9a\xce\xa2h\x11\x18\xc0lT\
\x98\x11Q\x87\x81\xc3\x8f\xc60g\xbf\xe1\xe0\xfb\xf6B\
\xa9},\xfc\xc7MF\x09\x84\x8a\x8a\x1f\xc1{\xa2\xfc\
\xc1\xa1\xa5\xdfjI9\xb3Z\x10\xc8\xee\xbdIB\xca\
\xac\xcdN\xdc\x0f\xbc)\xe6\x16\x0erUT`\x17T\
8\x0f\xed\x09\xaa\xda\x9c\x97N&P;\xb1\x18\x01\x84\
gr*\x82]Z\x7f\xc8\x95\x1dw\x02\xcb\xe0\xdc\xcb\
R\xea\xd8\xb6T\xbc5\xabv\xd6\xd7\xca\x89jig\
\xd0\xc9\xa4\xc5{H\x82N\x04\xb6\xc7W\xa1\x00\xc7\x9c\
\xb2[\xcf\xb6\xf1L\xba\x86\xf8\x86\xf9\xf1\x1dg{a\
\xd0\xfd\xf4+\xe7\xf6\xba{k\xb1\xf3`\xab\xb3\xf9\xbd\
\xf3\xe0\x87\xd4A)\x11@T\x8cx5\x93\xaa\x91\x82\
:Yc2\x8a*\x87\xaa\xceE\xce\xe1\xef\xb5\xba\x90\
)+F\xf4S\xdb\x11\xe9\xeat.e\xb4\x91\xca'\
=`\xf1H\x5c\x0bJ\xa8 \x0c\xab\x00\xb6\xaf\x0d!\
^F\xcfc\x14n\x1b\x00\x99\x22\xa6\xb0\x8b\xbb\xdcj\
V1\xb8\xbe\xde\x0c[\xb4\x16\x0d\xbexjh\x08\xb5\
S<4%3\xe9\x07\xa4\xfbp\xe7\xa0\x16\xb8\x8f\xc4\
}YG\x0c\xa3KM>\xd1\x94}Oj\x1e\xc7H\
\x1d\x82\xef\xc5x\xda\x1dG\xecr.'\xef\xab^\xd9\
\xdb\x82mYZ\x0d\xa2\x08b\xe6\xf7\xb63\x81\xc7\xfd\
rq\xe7\xc9O\xce\x83_Q\xb8cG\xce\xea3w\
}1kP\x8e\xfb\x03\xc5\xbe\x0b&\x94\xe3eW\x0a\
/>M\xce[\x18\x8d\x8c\x8c\x84\xa5\x1f\x19,:\xfa\
Y\x09\xcaQy_\x80\x7f\x09\x17\xe3\x05\xa5d\xf9\x22\
e`\xe8\xed\xc3y\x84\x91\xb3gR\xa6+\x7f\xac\x09\
r\xe4\x98\x96MZ\xb4\x96\xae)\xae\xec\x02\xe3y\xed\
^\xc9\x97\xabk@\x01\xf92\xec'\xe7pf\xff`\
B \x9a\xa6\xdb\x96\xa1f\x03a\xdf'\x15}\x9dF\
\x1c\xf0\xa8\xa1\x80~rc\xf4\x01\x0e@\x0e\xfb\xa9\xff\
\x89t@\xb4\xed\xf8\xf0C\x80S\x8a\xc7\xb1\xd9\x0ak\
\xb4E\xb3\x03>\xaexj0\x5c<5\x18>\xae\xd4\
\xe0e\x86]\x00:q\xe4\xcd@\xf5c\x8a\xc4\xd1\x82\
[\xc4jY\xa5\xfc\x80{\xc8\xd8\x9a\xadt\x98H\xee\
\x9c\xf9\x8e4\x9c\xb5\x94C\xcbi\x0a\xf8s\xfc\xdc7\
~4\x92;\x88\x87I%\x8c:\xf2uZ\xab\x0c\xf2\
&{0v\x0a\xa3\xd83u\xb9\xcf<=+\xca\xbf\
\xf2\x8a\xb8x \xf0\xe2ra\x7f\x0b\x8ff^\xef*\
\xa5\x14J\x90\x899\x09{\xb9:\xa6\xf9{\xf6\x22\xa7\
I^\xad\xb5/.\x99\x07L\x07\xb5\xd9\x5c\xab=\x8c\
\x99y'\x90\xfd\x9b\xd9\xff\xed\x0b\xfd6\x95\xa1\xac\xd3\
\xdf)\xcfh-\xdf\xfe\x04G\xc1\x03(\xbb\xac\xf3\x12\
\xcdpw\xf3Y\xe7\xe9&\xb7\xa5\xdf\xd6\x08\x8f*\xfb\
8\xb0E@\x90\xc6\xfe\xfdA\x85X\xd8,\x10\xef^\
\xc2\xaa87\xd6\xf7V\x1e\x1cbE\x18U\xed\xc6\xef\
eI\x8e\xd7I\xf9A\x0f\xc3\xa5#\xf3\xc0\xc3\xa47\
oF\xc6W(\xc9\xd9\xb7\xd5\x1cb\x0fo*\xe8\xba\
=IK\xf2\xde\xc2\x92{\xf3_~1B\xce\xd3\x17\
\xcf\xdeaV\xb0\x87\xb0+\xe8\x1d\xd9Y}\xd6YZ\
D\xa5\x13\x8ae\xd6\xd1\x09\xe5=\xcb\xff\x8b\xf9?0\
\xa72\xc74wi\xc1][\xf2?\x00\xa4e\xf9\xdd\
\xdc\xd4\xf4|P\x9e)b\x10Gk\x0e\xbd\xa5v\xee\
!%\xff\x90\x16k|E\x02x>\xa6\xb46\xa5K\
\xd0\xdc\xce\xbf\x0f\xf6{\xbf\xf7\xc2\xcb\xf3[w\xf6>\
\xdap\xff\xbe\xbc\xf3t\xed\xa8\xee\xb3\xe5]VK\xde\
w;\xfb\xb2\xee\xb3\x09\xeeq\x9d\x8b\xdf\xdc\xb2\xb1J\
k\x0d\xf9\xdc\xfe5\xad\xcf\xd7:?\xdc\x97sn\x8b\
\xe5\xb1\xd5\xcd*\x99\x8bs\xfd\xc7O\xe0\xb9\x9d\xcd\xc7\
9\x8c\xf3o\xa1\xa5_B\xf3\x02\x90\x9cr\xfb\xccY\
\xbd\x07s\xe8|\xb7\xd2u\xf5\xac}H\xed1\x06\xab\
`\xc7$\xf5\xb3\x1b\xb9\xeb\x12\x99\xe4\xffhK\xff\x05\
\x14I\x1c\x15\
\x00\x00\x03\x9e\
i\
mport QtQuick\x0a\x0aR\
ectangle {\x0a    i\
d: root\x0a    prop\
erty string icon\
Name: \x22\x22\x0a    pro\
perty string lab\
el: \x22\x22\x0a\x0a    heig\
ht: Theme.rowHei\
ght\x0a    radius: \
Theme.radius\x0a   \
 color: ma.conta\
insMouse ? Theme\
.hoverBackground\
 : \x22transparent\x22\
\x0a\x0a    signal cli\
cked()\x0a\x0a    Row \
{\x0a        anchor\
s.verticalCenter\
: parent.vertica\
lCenter\x0a        \
anchors.left: pa\
rent.left\x0a      \
  anchors.leftMa\
rgin: 8\x0a        \
spacing: 8\x0a\x0a    \
    Icon {\x0a     \
       name: roo\
t.iconName\x0a     \
       color: Th\
eme.iconColor\x0a  \
          width:\
 15\x0a            \
height: 15\x0a     \
       anchors.v\
erticalCenter: p\
arent.verticalCe\
nter\x0a        }\x0a \
       Text {\x0a  \
          text: \
root.label\x0a     \
       font.pixe\
lSize: Theme.fon\
tSizeNormal\x0a    \
        color: T\
heme.textPrimary\
\x0a            anc\
hors.verticalCen\
ter: parent.vert\
icalCenter\x0a     \
   }\x0a    }\x0a\x0a    \
MouseArea {\x0a    \
    id: ma\x0a     \
   anchors.fill:\
 parent\x0a        \
hoverEnabled: tr\
ue\x0a        onCli\
cked: root.click\
ed()\x0a    }\x0a}\x0a\
\x00\x00\x03\x82\
p\
ragma Singleton\x0a\
import QtQuick\x0a\x0a\
QtObject {\x0a    /\
/ \xe5\x93\x81\xe7\x89\x8c\xe8\x89\xb2\x0a    \
readonly propert\
y color accent: \
\x22#5b6bd6\x22\x0a\x0a    /\
/ \xe8\x83\x8c\xe6\x99\xaf\x0a    rea\
donly property c\
olor sidebarBack\
ground: \x22#fbfbfa\
\x22\x0a    readonly p\
roperty color co\
ntentBackground:\
 \x22#ffffff\x22\x0a    r\
eadonly property\
 color hoverBack\
ground: \x22#eeeeec\
\x22\x0a    readonly p\
roperty color cu\
rrentBackground:\
 \x22#e0e0e0\x22\x0a    r\
eadonly property\
 color borderCol\
or: \x22#e9e9e7\x22\x0a\x0a \
   // \xe6\x96\x87\xe6\x9c\xac / \xe5\
\x9b\xbe\xe6\xa0\x87\x0a    readon\
ly property colo\
r textPrimary: \x22\
#4a4a47\x22\x0a    rea\
donly property c\
olor textSeconda\
ry: \x22#9a9a97\x22\x0a  \
  readonly prope\
rty color iconCo\
lor: \x22#5b6bd6\x22\x0a\x0a\
    // \xe5\xb0\xba\xe5\xaf\xb8\x0a  \
  readonly prope\
rty int rowHeigh\
t: 28\x0a    readon\
ly property int \
indent: 16\x0a    r\
eadonly property\
 int radius: 4\x0a \
   readonly prop\
erty int sidebar\
Width: 260\x0a\x0a    \
// \xe5\xad\x97\xe4\xbd\x93\x0a    re\
adonly property \
int fontSizeNorm\
al: 13\x0a    reado\
nly property int\
 fontSizeSmall: \
12\x0a    readonly \
property int fon\
tSizeTitle: 28\x0a}\
\x0a\
\x00\x00\x09\xa3\
\x00\
\x00+\xb8x\xda\xe5Z\xedS\xdb\xc8\x19\xff\xee\xbfb\
\xc7\xf7\x05&\x9cb\x1b\xdb8\xb4\xb9\x0c80\x97\x99\
\xd2\x90\x90r\x1f\xae7=!\xafm]d\xc9\xd1\x0b\
\x1c\xcdx\x06Hx\x0d\x84\xf4\xd2\x10\x0eh'0w\
\x84\xa6\x0d$\x97k\x12\xc0I\xfe\x97\xd6\x92\xedO\xfc\
\x0b\xdd]\xc9\xb6$K\xb2\xcdKz\xd3n2\x83\xb5\
\xfb<\xbb\xcf\xee\xf3{^\xf6\x91\xd8LV\x10ep\
M\xbe\xa6\xb0\xccM\x1fky\xa4\xe2\x02/\x8b\x02'\
\xd9\xfb\x7fC\x8f\x0b\x8a\x5c\xd7\xdd\x97LB\x06u\xfb\
\xce\x9f\x07\x17O\xd00\x7f\x5c\x84\xb4\x0c\x07E\xe1\x1b\
4\xe5 \x9d\x82\xd4\xad\x0c\x87\x07\x0a\x87\x1f@\x9c\xa3\
\x95\x04\x04~m\xe5\x85zxP\xde\xdc/\xae\xef\xfa\
\x81\x9a\xdf/>{|\xbe\xbc\xf9\xcf\xf2_\xb6\xb4'\
o\xd4\xfc2b\xc0<\xc5?\xefh\xaf\x1e\x15\x7f8\
(\xbc\xbfw\x94\x9fS7v\x0a\xef\x9e\x14\xd7\xee\x82\
\x01\x9a\xe5\xf1\xc4\xa0<\xbbx\x94\x9f?\xca\xaf\x19\x1c\
\xa0^\x00p[\x1f\xc0\x8d\xe6\x99\xb4 JT\x92\xe5\
\xb8n\x90\xa5E\xc8\xcb\xb5\xd1QVbG8\xd8\x0d\
\x924'\xc1Z\xbf\xc0\xc7\x11#\xe48\x98\xe8\xae\x10\
\x81\x8b\x0eTd\xe9\xeb\xf0\x96\x02%\x19\xd3\xb6\xf1t\
\x06v\x80\x04\x94\x18\x91\xcd\xca\xac\xc0w\x00F\xe0\x04\
\xb1\x1d\x5c\xfc\xcc,\x17nY]\xe4\x01!\x019\x8a\
!S\xfd\xc1\xe8s\x9f\xc7:\x85\xabl9\xfdg\xce\
8%u{J\xfb\xeb\x86~\xfe\xe8\x04\xd57?\x15\
\x0f\x97\xb5\x8dyuzG}9\x01n\xa4a\x06\x02\
u\xe9\x119\xf6Euy\xafp\xf8\xa3\xb6\xb0Px\
{\x0fi\x08\xc1\xe6\xea\x08\x96\x0a\xdc\x06,\xda\xa4L\
\xa8\xc9\x0a\xda\xd2\x966\xf7\x00|m\xe0\xcbO&\xa2\
\xbe\x91\xfc\x80\x96\xf4Y\xbf\x06\xda\xdc\x0aR\xa2\xbe6\
V\xa5y15\xff\x08\xa9\xfc\xdf\x13S'F\xa2\xef\
\x8a\x0c3\xe8\x84\xf1\xe6\xb1\x90\xa2 \xc8>\xf2\x84f\
\xfe\xd4\xd6\x80\xba\xb7\xaf\xfe\xb0R\xf8\xb0\xa9.\xbf\xa9\
\x1b%\x5c\x12\x9b\xe2i\x0e0V\x0d\xb7I\xb2\xc8\xf2\
)\xa0\xab\xc7x\xb0h\xc9\xe8#\xca\xfa-\xa2j\xb7\
\xccVAU[\xbb\x87l3\xd3\xe5;;\xc5\x85\xd7\
\xda\xc4\xa4\xb3l\x08$Y(\xca\xe3\x95\xc5$\xc8!\
\xed\xc0D\x1c/\xda\x0d\xfc\x8c \xd2\x9c\xdfJ:J\
\x8b\xbaPW\x89\xa0R7\xf8\xd2WA\xd1m\xb2\x9f\
*c\x07\x06\x16\xcd)\xb8\xe7\x93\xcb\x17\xba\xba\x22]\
~\x90\xeb\xa8'\x97\x90\xb1\x11\xea\x1ay\xb4\xe7B\xbc\
+\xe6B~s\x5c\xa7\xae\x91Gzc\x97\xfb\xfa\x9d\
\xc9\xb3\x9c\x92\xb1\xcd\x1e\xeb\x8b\xf6\xf7\x06\x9c\xc9\xe9\xcc\
\x08\x14\xed\xb2\xf7\x84\xc3A\x17a8\xa4W+y\xb4\
\xb7+\x14\xc3\xb3\x13\xea\xaft\x0d%\x15\x9e\xc1\x07f\
=\xe4a\xcc\xd3\xd6n\xe0\x8d\xd0\x09\x22h\xc3\x87\xcc\
\x22c\x0c\xfc\x0a\xfd\xf9\xb5\xe5\xbc)\x0e\xf2)9\x8d\
\x06\xce\x9d3\xf3\x11\xbc&A\x9b\x99\xf6K\xf6+\x0a\
\x8b\x89-\xc2\xban\xbb\x85\x0f7\x11\xca\x8a\xc8\x03;\
;\xd9T\x958\xe7\xf3\x22\x0f\x98\xc9s\x9e\xc0,\xbe\
\xdb-\xeeNh\xab\x0f\x0bo\x0f\xcb[\xab\xd8E/\
\xef\x95\xb6\xfe\x8e\x8c\x09a\xd60\xed\xd2\xf6Lq}\
\x05yig\xf4\xd6\xbcIU\xaa\xaaW1\xc9I'\
\x04\x9e\x1b\xaf\x01\x98\x88\x8c<x\x0a\xf6\xd2\xcc\xcd\x94\
((|\x02k\xad\xbf\x07\xfd\x8b\xf9\x1br2\xb4\x98\
\xb0q\x92\xd6\x98S\x86\xdf\xca\x83\x22\x9b\xa1\xc5q\xcc\
\x16\xec\x0f\xf6\x05/7\xc76\x04\x19\x81O\x18\x8c]\
]]\xa1h\xbc1\xe3\x88 &\xa0X1\xe6O\xfa\
b}\x91\xbe@c6\x96\xcf*\xb2m\x87\x91\xfe\xce\
~OV\x96\x97\x81H'X\x059\x84`\xa8)\xc2\
\xa1\x0c\x8dci\xcc\x0c\x17\xc70[\x01\x92\xba\xb4P\
\x9eX\xd6V\xef\x97'w\x8b\xef\xfeV\xba\xb3\xa8}\
\xbfG\x06\xaf#\x18\xd0|\x8a\x83&,8NU\x19\
d*\x87\x12 -\x12\xf1\xfb\xaac\x03\x82\x22\xc1\x1e\
$\xb9\xcd\xba<'4\xe28\x87\xb2\x22hD\x0d\xca\
\xec\xa5\xad\x16T3\x0e\xf5\xe5t\xe1\xedsui\xb3\
8?\xeb\xba\x15\x0ck\x0c\xbbj\xc7\x18\x9b\x90\xd3\xdd\
(\x99\x91\xd3T\x86\xe5\xdb\x22\xa1@\x87!\x11E\xc6\
\xc0\xa7 \x1a\xae\xad\x9a\x86l*-\xa3IPz\x87\
h\x10$\x94\x0cO\xa1`\x8b\xe4e\xe5\xcf\xc9(8\
\x07\xc2\xb1\xba\xd3c\x109\x14\xaf\xf0u\x1b\xae(\x9b\
\x98\x1b\xa5?\xd9\x8fW\x1f\xb3\x1aL\x95FG'e\
l%h\xef\xb7LaBrMO\x1c=\x8e\xe8 \
O\x8f\x90\xf4J\x16M\x8e\xca\x18#\xe9):'\x85\
\x93Y=W\xb5\xe9TJ#|\x8e\xf59\xceQ\x1b\
\xef\xe5\x14$J\x80\x8a:\x8cU\xcd\xab\xb3S\xc7\x92\
\xdf\x81h\x18A\x9feh\xeej2)A$P\xd4\
\x84\x87\xeaO\x84\x86\xf2\xea\xa1\xf6|\xab8\xb5\xaf\xce\
\x1e\xea\x98\xd0\x83\xb8\xf6\xf8\xb5:\xf3\x9d\xf6jS\x9d\
{\xa1\x83_\x9d~U~\xfc\x5cO\x80O\x15\xb9\xb7\
sN\xb2\xe9\x88\xd1o\x01\xf6\xa0\x93\xb0\xe1\xcaqi\
\x0e&\xe5\xca\xd2\xe4\xc1\x91J\xd4aj\x90\x91'G\
:Y\xc8V\xa9\xd0oG\x1a\xe4fS,\xceOB\
a\xabF\xb24\x83\x92\x1d\xd4\x1f\xf0Y\x06,\xa1\x0a\
hOfQ`\xd2\x9e,\x03[\xd8\xa9\xb4\xeb\xc2\x98\
\xe3y\xe0\xa6\x0f\x90\xf3\xfeB\xc7w\x1d\xb2,\xa2\xc4\
|uc7\x90\xd7w\x98\x197\x1c\x10\xbamw!\
G\xc2$R\x0b\x95e\xbf\x85\xdc\x10\xfbGHv\xec\
J6\x22p\x09\x171\xeb,\xda\x14\xc8\x1c\x89\x9b\xdc\
~\xae~\xd7N\xde\xcf\xdc\x0co\x11\x8a9\x8eV\xdc\
\x9c\xcbp5>\x85\xbd\xb6\xc8p\x82\x04\x07h\x0ac\
\x1a]\x16%bT\xe0\x92\xb1u[p\x04H\x0f\xb2\
H\xf3\x92\x0eF\xbf\xcfqf\x0f]6\xe5k]\x00\
\xf0{%\xd4\x15\x8c\xf8]\xc9\xec\xea\x0fv\xba\x92\xd6\
\xa9\xb7\x9ap8\xb2\xe4\x9c\xf7\xe9\xe6\x7f\xea\xdc\x85~\
\xc4\x0d\x0f\xc4\xd5_Y\x94.\x8cB\xd1\xdd\x83[v\
\xa9\x88\x92 \x0e\xa5\xe9,:\x8dk25(\xa0l\
\x04\x19\xe0\xe74\x9f\x88\x931W\xd6fb\xbb\xf5\x84\
\xbc{r^\xbe\xa7\xbc\xb5Q\x9a\xff\x09\x05du\xfd\
=\xf1CwKO\xe7>\x86\x1f\x0aF[7I\xac\
P\x16\x81eP\x84\xa3,\x1c\xf32\xdbH\xd4\xd3l\
]\x86\x9d2\x0d\x92;zY1Q\x92\xd3U\xebc\
Z(\xbe{\xf5\xb3\x90K\x10\x932nn\xe03\x10\
p\xe5\xd3\xdb%;'\x93\xa6\xc5\x1e\xb9-\xd0\x8e\xa2\
\xdd\xef\xb2(\x91\x8e\xd3\x12tA^\xad!\x171\xe8\
od\xf2\xfe\xb14\x8b.\xb0M;\x91P\xc8\x9b\xb4\
A\x1c\xc95\x15\x05< m\x8b\x9b-\x84\x1fG\xda\
\xeb0\x8b\x0b3\xa2\x87\xf23\xb8\xaeV1{\xd3}\
\xd7\xe7\xca\x81\xe8a\x0a\xcd\xda\xdd\xd0xj\xf7\xa4[\
\x0a+\xc2\x84\xb5\xceBV\xbeL\xcb\xb4'o%&\
\x86<\xa9\xaa\xb1\xd1\x9b\xac\x1a#\x83\x9ed\x06x\xaa\
\x02\xda\xea\x04N\xcd\x9a\xef\xd7\xdb')R\xd4&$\
u\x8bK \x84P\x1chf^\xd7\x04\xc5\x93\xb9\x99\
\x88u\xac\xa8t\x0a!\xc7-\xf4\xd8N\xcdvf\x9e\
\xd3\xe5|\xad\x8d\x9c(\x8a\xa9\x0f\x96\x8aO_\x94\xde\
?T\xa7\x7ft\x0b^\x1e\xf7\x8a\xe3\xc4\xaf\xe8q\xf2\
h=\x83\xd6\xa5m.\x8fvI\xa4ZH\xa2\x8e\x91\
\xfa6y\x16f[\x0f\x07N/\xa0:\xa6\xbf\xbe\xc6\
\x86^\x8bd4#\xb3\xa3\xb0_`\x14\x09\x19v\xd0\
\xd5\xb0\xad\x06}\x8c@N\x96k\x90\x82V\xc5:\x9d\
$\xd4|\xcd\x1d \x17OK\x19\xcc\x8d\x9c\xdcp\x9b\
\xa0\x1f5\xea\x07=\x1c\x9b\xe23H\x90n\xb2\xd1+\
X\x1b\x14\xe9\x1c\x8e\x93\xd4\xc4u\x86,G30\x8d\
b3\x14o\xe8\xb0\xc7oM\xb6\xa7\x8e\xf2k\x85\x83\
\xa7\xea\xc3\xc9\xf2\xc6\x84\xf6rJ\xdbzU|0\xe3\
\x9e\x0d\x8c\x98\xca\x82\xbc\xe2\x82\x18G\x93\x097\x7f\xf7\
\xf0\xbaZ\x12s'h\xe8\x1d'\xce\xbb\xc5\x5c\xa3i\
\xefU\xda\xfbY[\xbd\xaf\xad\xccj\x1b\xff\xf8\xe5{\
/]Z\xbd\x8c^\x9e\x98?\xca\xcf\xffoy\xb2\x0b\
\xd1\xff\xbe'\xc3\xaf\xe7>\xa2'\x1bbD\x81\xe3\x86\
\xd1\x95\xaa\x89\x8bIKN\xaaZ\x19\x0b\xbagV\x0c\
\xc7f\xbd\xf2\xe6\x0a8\x9b\xc8\x9d\xb0\xbb\xad\x9e\x9d'\
e\xbd\x93R\xff\xb4P\xda\x9b\xaf\xbc\xfe/}\xf8\xbe\
\xf0\xf6\x99\x81\xf8\xedIur\xadp8Q\xd8\x9f;\
\xca/\x16\xf6\xef\xa9\x0f\xee\xab\xbbw\x0a\xf95m\xfd\
gmvJ\x7f\xe1\xaf\xdd]F\x97\xe8\x7fMl\xa3\
\xff~\xef4Z\xa4\xb3\xf8\x15zwu_\xd4\x17\xa8\
\xcb;\xf7l\xd6\x1d\xb6X\x8e9\x96[l\xc55\x9e\
U\xcaw\xf0\x08W\xab\x17\xe7\xcb\xdf\xed\x9ea\xbd\xc2\
 \x93\x85l%v\x86=j\x1a\x81z\x04\xeb\xef\xf8\
]\x96;A]2\x16\xf6\xf4b\x9d\xa7\xe8\xc5\xf4\x02\
\xd4\xb1\xeb\x94\x8d\xdd]\xb0\x09\x97\xe6\xf1v\xe6#\xd4\
?\xd5\xe5\x15\xed\xf5\xdc\xd9\xd4?\xbd\x8c\xed\xa4\xd5O\
Cs\xffo\xe5\xcf\xe3\x1aU0\x10;{\xab\x12\xb0\
\xbb\x90\xc7\xebjv2\xc2A[\xbb\xa9t\x87\x03>\
\x15\xc0!\x9f\x8a\xfc\xe2\x0b\x90~un\xbd\xc1;\xa2\
\x16\x0d\xa5\x99\x1a_\x93\xd5\xc5\x13\x98QK\x16R}\
C\xdcH\xb5gl8\x0d*\x80\xc4\xacl_\x895\
\xac\x0d9n\xa9\xa3![-\x95m\x89\xad\x1e\xd3\x9e\
,\xed\xa7\x9ez\xb8~E\x91\xdfWg\x0f\xb4\xc7\xaf\
K\xb3\xcf\xd4\x85\x9d\xd2\xe4Z\xf1\xee\xb6:\xf7\xc2\x5c\
\x82\xd26g|\xbaF\x86\xf5\x8f\x1d\xe3i\xe4|\xac\
\x8a\xc1\x1fP\x19\x9fB\xda\xbf\xad\xaa\x9dtR\x10\x19\
\xd8S\xbb\x02\x98\xbf\xee\x00\x90\x93\xa0+'>lp\
\x11\xf8\xad\xf6`U\x86u\xbc\xb2\xd1\x9c\xef?\xccG\
\x96\xe3\
\x00\x00\x06\xc3\
i\
mport QtQuick\x0aim\
port QtQuick.Eff\
ects\x0a\x0a// \xe7\x94\xa8\xe7\x9c\x9f\xe5\
\xae\x9e\xe7\x9a\x84 SVG \xe6\x96\x87\xe4\xbb\xb6\
\xe6\xb8\xb2\xe6\x9f\x93\xe5\x9b\xbe\xe6\xa0\x87\xef\xbc\x88\xe9\
\xbb\x98\xe8\xae\xa4\xe6\x8e\xa5\xe7\x9a\x84\xe6\x98\xaf L\
ucide\xef\xbc\x8c\xe8\xa7\x81 qml/\
icons/ \xe7\x9b\xae\xe5\xbd\x95\xef\xbc\x89\
\xef\xbc\x8c\x0a// \xe4\xb8\x8d\xe5\x86\x8d\xe7\x94\xa8\
 Canvas \xe6\x89\x8b\xe7\x94\xbb\xe3\x80\
\x82svg \xe6\x9c\xac\xe8\xba\xab\xe7\x94\xbb\xe7\x9a\
\x84\xe6\x98\xaf\xe9\xbb\x91\xe8\x89\xb2\xef\xbc\x88#00\
0000\xef\xbc\x89\xef\xbc\x8c\x0a// \xe9\x80\
\x9a\xe8\xbf\x87 MultiEffect\
 \xe7\x9a\x84 colorizatio\
n \xe5\x8a\xa8\xe6\x80\x81\xe6\x9f\x93\xe6\x88\x90 T\
heme \xe9\x87\x8c\xe5\xae\x9a\xe4\xb9\x89\xe7\x9a\
\x84\xe9\xa2\x9c\xe8\x89\xb2\xef\xbc\x8c\x0a// \xe8\xbf\
\x99\xe6\xa0\xb7\xe6\x8d\xa2\xe4\xb8\xbb\xe9\xa2\x98\xe8\x89\xb2\
\xe6\x97\xb6\xe5\x9b\xbe\xe6\xa0\x87\xe4\xb9\x9f\xe4\xbc\x9a\xe8\
\xb7\x9f\xe7\x9d\x80\xe5\x8f\x98\xef\xbc\x8c\xe7\x94\xa8\xe6\xb3\
\x95\xe5\x92\x8c\xe4\xb9\x8b\xe5\x89\x8d\xe5\xae\x8c\xe5\x85\xa8\
\xe4\xb8\x80\xe6\xa0\xb7\xef\xbc\x9a\x0a// Ico\
n { name: \x22folde\
r\x22; color: Theme\
.iconColor }\x0aIte\
m {\x0a    id: root\
\x0a    signal clic\
ked()\x0a    proper\
ty string name: \
\x22page\x22\x0a    prope\
rty color color:\
 \x22#5b6bd6\x22\x0a\x0a    \
implicitWidth: 1\
6\x0a    implicitHe\
ight: 16\x0a\x0a    //\
 \xe9\x80\xbb\xe8\xbe\x91\xe5\x90\x8d -> \xe5\xae\
\x9e\xe9\x99\x85 svg \xe6\x96\x87\xe4\xbb\xb6\xe5\
\x90\x8d\xe7\x9a\x84\xe6\x98\xa0\xe5\xb0\x84\xe3\x80\x82\x0a \
   // \xe6\x8d\xa2\xe4\xb8\x80\xe5\xa5\x97\xe5\
\x9b\xbe\xe6\xa0\x87\xe5\xba\x93\xef\xbc\x88Table\
r / Material Sym\
bols\xe2\x80\xa6\xef\xbc\x89\xe6\x97\xb6\xef\xbc\x8c\
\xe5\x8f\xaa\xe9\x9c\x80\xe8\xa6\x81\xe6\x94\xb9\xe8\xbf\x99\xe5\
\xbc\xa0\xe8\xa1\xa8\x0a    // \xe5\x92\x8c\
 icons/ \xe7\x9b\xae\xe5\xbd\x95\xe9\x87\
\x8c\xe7\x9a\x84\xe6\x96\x87\xe4\xbb\xb6\xef\xbc\x8c\xe8\xb0\x83\
\xe7\x94\xa8\xe6\x96\xb9\xef\xbc\x88Sidebar\
.qml \xe7\xad\x89\xef\xbc\x89\xe5\xae\x8c\xe5\x85\
\xa8\xe4\xb8\x8d\xe7\x94\xa8\xe5\x8a\xa8\xe3\x80\x82\x0a  \
  readonly prope\
rty var _fileMap\
: ({\x0a        \x22pa\
ge\x22: \x22file-text\x22\
,\x0a        \x22folde\
r\x22: \x22folder\x22,\x0a  \
      \x22chevron\x22:\
 \x22chevron-right\x22\
,\x0a        \x22searc\
h\x22: \x22search\x22,\x0a  \
      \x22inbox\x22: \x22\
inbox\x22,\x0a        \
\x22settings\x22: \x22set\
tings\x22,\x0a        \
\x22trash\x22: \x22trash\x22\
,\x0a        \x22plus\x22\
: \x22plus\x22,\x0a      \
  \x22folder-plus\x22:\
 \x22folder-plus\x22,\x0a\
        \x22more\x22: \
\x22ellipsis-vertic\
al\x22,\x0a        \x22up\
load\x22: \x22upload\x22,\
\x0a        \x22edit\x22:\
 \x22square-pen\x22,\x0a \
   })\x0a\x0a    Image\
 {\x0a        id: i\
mg\x0a        ancho\
rs.fill: parent\x0a\
        source: \
\x22qrc:/icons/\x22 + \
(root._fileMap[r\
oot.name] || roo\
t.name) + \x22.svg\x22\
\x0a        sourceS\
ize: Qt.size(roo\
t.width * 2, roo\
t.height * 2) //\
 2x \xe6\xa0\x85\xe6\xa0\xbc\xe5\x8c\x96\xef\xbc\x8c\
\xe5\xb0\x8f\xe5\xb0\xba\xe5\xaf\xb8\xe4\xb9\x9f\xe6\xb8\x85\xe6\
\x99\xb0\x0a        smoot\
h: true\x0a        \
visible: false /\
/ \xe7\x9c\x9f\xe6\xad\xa3\xe6\x98\xbe\xe7\xa4\xba\xe7\x9a\
\x84\xe6\x98\xaf\xe4\xb8\x8b\xe9\x9d\xa2\xe6\x9f\x93\xe8\x89\xb2\
\xe5\x90\x8e\xe7\x9a\x84\xe6\x95\x88\xe6\x9e\x9c\x0a   \
 }\x0a\x0a    MultiEff\
ect {\x0a        an\
chors.fill: img\x0a\
        source: \
img\x0a        colo\
rization: 1.0\x0a  \
      colorizati\
onColor: root.co\
lor\x0a    }\x0a    Ta\
pHandler {\x0a     \
 onTapped: root.\
clicked()\x0a    }\x0a\
}\x0a\
\x00\x00\x00\x1e\
s\
ingleton Theme 1\
.0 Theme.qml\x0a\
\x00\x00\x0ay\
i\
mport QtQuick\x0a\x0aC\
olumn {\x0a    id: \
root\x0a    propert\
y var pageData\x0a \
   property int \
depth: 0\x0a    pro\
perty bool expan\
ded: false\x0a    r\
eadonly property\
 bool hasChildre\
n: !!(pageData.c\
hildren && pageD\
ata.children.len\
gth > 0)\x0a\x0a    si\
gnal pageClicked\
(var page)\x0a\x0a    \
width: parent ? \
parent.width : 2\
44\x0a    spacing: \
1\x0a\x0a    // \xe8\xa1\x8c\xe6\x9c\xac\
\xe4\xbd\x93\x0a    Rectangl\
e {\x0a        widt\
h: root.width\x0a  \
      height: 28\
\x0a        radius:\
 4\x0a        color\
: rowMa.contains\
Mouse ? \x22#eeeeec\
\x22 : \x22transparent\
\x22\x0a\x0a        Row {\
\x0a            anc\
hors.verticalCen\
ter: parent.vert\
icalCenter\x0a     \
       anchors.l\
eft: parent.left\
\x0a            anc\
hors.leftMargin:\
 4 + root.depth \
* 16\x0a           \
 spacing: 4\x0a\x0a   \
         // \xe5\xb1\x95\xe5\
\xbc\x80/\xe6\x8a\x98\xe5\x8f\xa0\xe4\xb8\x89\xe8\xa7\x92\x0a\
            Item\
 {\x0a             \
   width: 16\x0a   \
             hei\
ght: 20\x0a        \
        Text {\x0a \
                \
   anchors.cente\
rIn: parent\x0a    \
                \
text: root.hasCh\
ildren ? (root.e\
xpanded ? \x22\xe2\x96\xbe\x22 \
: \x22\xe2\x96\xb8\x22) : \x22\x22\x0a  \
                \
  font.pixelSize\
: 10\x0a           \
         color: \
\x22#9a9a97\x22\x0a      \
          }\x0a    \
            Mous\
eArea {\x0a        \
            anch\
ors.fill: parent\
\x0a               \
     enabled: ro\
ot.hasChildren\x0a \
                \
   onClicked: ro\
ot.expanded = !r\
oot.expanded\x0a   \
             }\x0a \
           }\x0a\x0a  \
          Text {\
\x0a               \
 text: root.page\
Data.icon || \x22\xf0\x9f\
\x93\x84\x22\x0a            \
    font.pixelSi\
ze: 14\x0a         \
   }\x0a           \
 Text {\x0a        \
        text: ro\
ot.pageData.name\
\x0a               \
 font.pixelSize:\
 14\x0a            \
    color: \x22#373\
52f\x22\x0a           \
     elide: Text\
.ElideRight\x0a    \
        }\x0a      \
  }\x0a\x0a        Mou\
seArea {\x0a       \
     id: rowMa\x0a \
           ancho\
rs.fill: parent\x0a\
            hove\
rEnabled: true\x0a \
           onCli\
cked: root.pageC\
licked(root.page\
Data)\x0a        }\x0a\
    }\x0a\x0a    // \xe5\xad\
\x90\xe9\xa1\xb5\xe9\x9d\xa2\xef\xbc\x88\xe9\x80\x92\xe5\xbd\x92\
\xef\xbc\x89\x0a    Column {\
\x0a        width: \
root.width\x0a     \
   visible: root\
.expanded && roo\
t.hasChildren\x0a  \
      spacing: 1\
\x0a\x0a        Repeat\
er {\x0a           \
 model: root.has\
Children ? root.\
pageData.childre\
n : []\x0a         \
   delegate: Loa\
der {\x0a          \
      // \xe6\xb3\xa8\xe6\x84\x8f\xef\
\xbc\x9a\xe8\xbf\x99\xe9\x87\x8c\xe4\xb8\x8d\xe8\x83\xbd\xe7\x9b\
\xb4\xe6\x8e\xa5\xe5\x86\x99 `PageIte\
m { ... }`\xef\xbc\x8c\x0a  \
              //\
 \xe9\x82\xa3\xe6\xa0\xb7\xe6\x98\xaf\xe2\x80\x9c\xe7\xb1\xbb\
\xe5\x9e\x8b\xe7\x9b\xb4\xe6\x8e\xa5\xe9\x80\x92\xe5\xbd\x92\xe5\
\xbc\x95\xe7\x94\xa8\xe2\x80\x9d\xef\xbc\x8c\xe4\xbc\x9a\xe8\xa2\
\xab QML \xe7\xbc\x96\xe8\xaf\x91\xe5\x99\xa8\xe5\
\x88\xa4\xe4\xb8\xba\x0a          \
      // \x22Type i\
s instantiated r\
ecursively\x22 \xe8\x80\x8c\xe5\
\x8a\xa0\xe8\xbd\xbd\xe5\xa4\xb1\xe8\xb4\xa5\xe3\x80\x82\x0a \
               /\
/ \xe6\x94\xb9\xe7\x94\xa8 Loader \
\xe6\x8c\x89 URL \xe5\xbc\x82\xe6\xad\xa5\xe5\x8a\
\xa0\xe8\xbd\xbd\xe5\x90\x8c\xe4\xb8\x80\xe4\xb8\xaa\xe6\x96\x87\
\xe4\xbb\xb6\xef\xbc\x8c\xe7\xbb\x95\xe5\xbc\x80\xe7\xbc\x96\xe8\
\xaf\x91\xe6\x9c\x9f\xe7\x9a\x84\xe9\x80\x92\xe5\xbd\x92\xe7\xb1\
\xbb\xe5\x9e\x8b\xe8\xa7\xa3\xe6\x9e\x90\xe3\x80\x82\x0a  \
              wi\
dth: root.width\x0a\
                \
source: \x22PageIte\
m.qml\x22\x0a\x0a        \
        onLoaded\
: {\x0a            \
        item.pag\
eData = modelDat\
a\x0a              \
      item.depth\
 = root.depth + \
1\x0a              \
      item.pageC\
licked.connect(f\
unction(page) {\x0a\
                \
        root.pag\
eClicked(page)\x0a \
                \
   })\x0a          \
      }\x0a        \
    }\x0a        }\x0a\
    }\x0a}\x0a\
\x00\x00\x01G\
<\
svg xmlns=\x22http:\
//www.w3.org/200\
0/svg\x22 width=\x2224\
\x22 height=\x2224\x22 vi\
ewBox=\x220 0 24 24\
\x22 fill=\x22none\x22 st\
roke=\x22currentCol\
or\x22 stroke-width\
=\x222\x22 stroke-line\
cap=\x22round\x22 stro\
ke-linejoin=\x22rou\
nd\x22 class=\x22lucid\
e lucide-upload \
preview-icon\x22><p\
ath d=\x22M12 3v12\x22\
/><path d=\x22m17 8\
-5-5-5 5\x22/><path\
 d=\x22M21 15v4a2 2\
 0 0 1-2 2H5a2 2\
 0 0 1-2-2v-4\x22/>\
</svg>\
\x00\x00\x01\x93\
<\
svg xmlns=\x22http:\
//www.w3.org/200\
0/svg\x22 width=\x2224\
\x22 height=\x2224\x22 vi\
ewBox=\x220 0 24 24\
\x22 fill=\x22none\x22 st\
roke=\x22currentCol\
or\x22 stroke-width\
=\x222\x22 stroke-line\
cap=\x22round\x22 stro\
ke-linejoin=\x22rou\
nd\x22 class=\x22lucid\
e lucide-folder-\
plus preview-ico\
n\x22><path d=\x22M12 \
10v6\x22/><path d=\x22\
M9 13h6\x22/><path \
d=\x22M20 20a2 2 0 \
0 0 2-2V8a2 2 0 \
0 0-2-2h-7.9a2 2\
 0 0 1-1.69-.9L9\
.6 3.9A2 2 0 0 0\
 7.93 3H4a2 2 0 \
0 0-2 2v13a2 2 0\
 0 0 2 2Z\x22/></sv\
g>\
\x00\x00\x09:\
\x00\
\x00 \xcax\xda\xedZI\x93\xaa\xc8\x16\xde\xdf_a\
\xd8\x9b\xf7\xa2\xe2\xb6\x8cV\xd9QU\x11\x89\x0c\x82\x02\
\x82\xca\x90;\x06\x05\x91\x04T\x94\xe1\xd7\xbf\x04\xab\xbc\
u\xab\xbb\x17o\xef\xd9H\x9e$\xcf\xf9\xcew\x06\x88\
\xc0\xd7\xf35\x1a\xd4(\xcd\xceo\xc3\xb8,\x8b\xbfF\
\xa3\xaa\xaa\xfe\xac\xe8?\xf3S4\xa2\x08\x82\x18\xe1;\
\x86\x83j\x1f\x96\xf1\xdb\x90\xa4^\x86\x83x\xbb\x8f\xe2\
\xf2cq\xddo+.\xaf\xdf\x86\xc4\x80\x18`\xcd\xa0\
\xd7\xf6\x16\xff\x0a\xa8\xc2\xbb\x9b\xed\x16\xbdQ\xe4e\xfb\
\xdd\xf6\x5c\x0e\xdf_\xd1\xb6\xf4B\xaf\xf4\xde_\xbb\xdd\
\xbf>w\xde\x01\x00v\x84\x0a\xd2\xb7e|\x09\xb6^\
f\x95PR\x9b@\x12\x80`\x00#\xc2\xcac\x04\x18\
D\x0b\xbc\xdb*\x95k`\x05\x07\x83\xee>\xb7\xdb\x14\
\xc2ch\x93\x07\xbcW\xe2=\x13pS\xac\x9c\x1e\x01\
\xbf\xf7\x03C#\x03\xc4\x8c\xfbs\xeb\xbc\x85IP\xeb\
\x92J\xc0=\x99h\xc8<,\xd6\x06\xad\xf2B\xa9\xf3\
\xe6\xde]\x91{}m\x90\xda\xda \xb46M\xdc\xb6\
3\x0e\xf8\x94\xbac+>\xb1\xb9\x8e\xfa\xcf\xd8Vl\
\x1c\xd0Z\x1adf\xe1Sl\xdb\x1d\x02\x8b\xba\xc3\xb7\
\xef.M\xa9\xb3e&.\x9a4\x80\xc3\xf1uf\xe7\
9\xd0\x95\xb2\x16\xa8>\xe6\x8bg\xb3Y\x80\xac\x83g\
[\x97p\xcaRj\xd5[q\xb1\xfd\xd6\xe3\x8a&K\
@!\x1d\xc7e\x5c\xf3\xaa\xff\xe4/\xc2ig\x84\xab\
\x5cJ\xb9\x06G\xad\xc0\xf8\xc6\x10\xdb\xf7m\x91\xf0\xed\
\xb4t\xed0]\xd0\x1a\x05\x9b\x92\xf1\xed\xfa\x88\xed\xb7\
\xa1$^\x5c\xcaR\xccYt\xdeJd\xa5\xa3\xb4\x80\
|N\xe9k\x97\x80H\xa5\xd5)\x19k\xf6\x86\xc5\xfc\
T\xfaZ-1g\x0d\x5c\x91\x89J\xe1}\x9eC*\
\x12\x1a}\x0d\xcf\x18\xe7\xd9un\xb1zRZy3\
.\xc6\xbaK(LP\x07\x8a\xb9\xe7\x95\xe3n\xdci\
{\x9f\x96\xbfs\xb7\xfe\xe4\xce\xa5o\xb6\x16\x99\xdb\xf4\
Qsq\xa2fZ\xbeT\xcfL\xc2(\xdcA\xdd\xcf\
\x13`L\xd2\xf5\x85\xef\xca\x00\xc0\xb4\xe72G\xe1\xfd\
ltT\x90kk\x84gO.\xde\x07\xa7>\xcd\xa5\
~\xc7i\xd6\xe1\x13K\xe8\x988Gz\xecQ\xe9\x05\
\xd2J\x0a\xa54\xf53\xb3\x8d<%\x09\x1d\xe5\xbc\x9d\
\x92-\xb4k$\xf7\xb9W\xd0\xd2\xbe\xd9q\x1d\xad\x85\
\x8e\xd2\xdb\x0e\x9a\x09\xc6\xc6\xc5\x0b\xf4\xd5\x86q\x09\x13\
\xed\xe0Ib\xeb\x89Q$\x88\xba<\xe6\xbd\xab\x0b\x01\
\x11-_\xe6\x81\xa3\x9d\x8a\xc5\xcb\x0em'\x09\xbd\xa4\
Vt\x9a9\x9c?\x93\x15\xc5;@$&\xa1\x94^\
\xfd,\x0a]jR.\x90x\x09\xa5\xb8\xc1\xd8\x0b\xb7\
a\x13_\x12I(m.\xc1L\xb9\x86(=@\xdb\
<\x06\x92\xd8\xb86\x99\x86\x92\xd5\x04c\x91\x99Q\xda\
\xd5\xc7<\xe2X\xf2\x00M*\xcfVq\xecJ\x01q\
\x9c\x0b\x1b\xef!\x88\xeb\xc3\xear\x9f\x856{\xf2\xd1\
\x84\xf6Qy\x80\x8e\x96\x04(\xadn\xfecdPu\
\x1c\xdaf*\xcf8\xec\xbf?s\x90gf\xee9j\
\x04Qz\x86+.\x0e\xa7\x1c\xe1I\x9b\x08\xe7\xbb\x0e\
m\xab\xc5\xeb+\xdcs\xb1<\xb30Gr\xe4\xda\xec\
A\x96\xc8x\xbb\xe2r\xd7\x81\xa9,i\x0d\xc45\x09\
m#\xc25\x10\xf9\xf6\x04\xd78\xb6\x8d\xd78N\xbc\
\x0f\x0b\x1f\xdb\xc3\xb1\xe3\xb8q\x0d\xcd0vG\xbb\xc2\
\xcc\xa4]GI\x0d\x5c\xc7~\xb6\x8a\xa1\x84\xe3\xb3\xad\
;F\x9c\xcf\xb3/|r\xa7)>\xd2\xce\x9d\x1e.\
7]\xfb\xca\xbf\xe6\x04w\x9b\x13]\x9fD\xdf\xe6\x84\
\xa9}\xe42\x8e\x03*\xba@I$\xfa9\xf3\xd9w\
\xd3\xca?\x8fX\x06\xd5\xceJ\x22i\x12\x8e\x1d\xee%\
\xcb\xbb\xf3\xe0\xd6wV\xe2\xdau\x06q\xad\xbak\x99\
\xd4\x90V\xb9\xb6\xa9\x81\xef\x22\x99\x98\x0b-\xb7\xa7 \
*\x8c\xad\x1c\xce\xc5S\xa9\x91*9\x9a\xea\xeefy\
=Pg~6OA\xc4VJ\xe0gA\xeb\xd2\x0a\
\x8b\xccK\x97c\x1f\xddj\xb1\xe3\xd4G)\xc29#\
<d1.U\x93\x01\xd5\xc5\xaes9\xb2\xba\xden\
BnoCT\xe33!\xe1q\x87-\xd7\xf9N\xd8\
\xfb\x1cR\xa8\xdb\x1cR1W\xdf\xe7\x10\xf8\xe8\x19l\
7\xf6l\x02\xd7s?\xfb\xa6<\xd5\xf5\xee<u)\
\xf1\x0c)\x88\xfb]h\xb45,\xb0\xef\xccG\x22\x81\
\xfb&\xdd\x0a\xdf\xfaf\xf5\xd1#\xb4\xd5\xf8I\xd1_\
\xebx\xf2j\xad\xc0\xb8\xad\x89\x16\xb6JA\xc9(5\
>\xa8\xd4\x15\xc1h\x92\x12/l\x99\xd5\xf8\x0d\xa9\xf1\
\x06\xad\xdbZ\xa2O?ldx\xb6Ql\x1c\xce,\
\x5cGE\x81sM\xe0\x1aK\xe0&\x15\xb6\xd3\x9a\xf1\
\x1d0\xf6\xec\xf4\xa0'\x06\xa3\xf1\x10\xb9\xeb\x0d\xb1\xb0\
\x85\x1a\xa2M\xa9I\x9bZ\x9f\x92{\xad\x8d\xb1\xfd\xce\
\xb7\x15\xeb\xb6yp\x13\x83P\x1d\x05\xd7\xbe\x15\xe3\x9a\
;8\x94\xd8\x06\x94\xd5\xdcjI\xe7s\xd4=?j\
f\xe1h\xa9/\xb9I_K\xc8\x9d\xfc\xd3\xac_\xfc\
\xdb\xfc\xa6\xee976L\x92k\xc7I|\xe0W`\
T\x15u@]\x0e\xd7\xfa\x09>S\xcb`\x04\x17[\
;\x0c\xc4s\x10\x1d\xd2\xe3\xe7\x1c*\xfe\x8f9\xf4\xd9\
\x03*\xce\x99r\x9fA\x93\xea*_\xe8\xb2I\x8cC\
[\x04\xae\x12\xe4\xc9\x8am\x92\x932z\xae\x99\xf3\xf8\
\xfa4zF\x85%\xaek\xb8\xdf\xbb]\x9ef\x11\xce\
\xa9u\x86{\xad\xaf\x17\x98\x90\x9f\xf6\xbfp\xa3^?\
8\xe8c[ \x13\xf3'\xde}\xa6\xd3\xd8\xf6\xaas\
C\xf9t\xb8rd_\xda\xbd\xd4\x05\x1f\x96\xeeI\x9c\
\xf1<2Q\x15\xfa/\xa7\x1d\xef\x8d-\xe2Vg\xe4\
\x0eR\xd6\x05\xc7\x84\xedL\x1a\xa7\x9b\xcb\xe8)\xf9\xe8\
\xf5\xaba\xb3\x84\x87\xe7^ \xa5\x89,ts\x02\xcf\
\x18\x1ab\xee\xb5\x8e\xfbT]1\xd5\x22\xe1N\x01\x9e\
\xf3.\xf9E\xbfg\x88E\xd2=G\x00s\x9f\x03\xd3\
\xf8\xf3}!\x09\xaa\xbf\xbd/\xfc\xbd\xd6\xfa\xf7\x0d \
\xf7}^\xce\x05\xdb\x90Wy$ i*B\x10\xe5\
U\x14\xc9\x92*\xcb\x5c\xe2\x01\x1eD\xc2\x14\xc4&`\
=0\x7f>\xcb,\xb1\x183\xd1(\x97\x8ch3\x81\
\xe4f\x8d\xef\x98sQt\x8c\x0f\x89\xbe4\x0c\x1e\xb4\
\x9c\xa2\x9aA%\x1a.o\x19\xc6\x5c\xa8X\xee\xcb\xec\
>\xcb\x2275Z\xe1\xa2N+\x09\x90\x1b\x01\xd4j\
\xfa;\x17x\xa6gf\xf7\xdc\x89\x8c\xfe\x19\x84kN\
Jc\x7f\xa6F\x1b4\xb9\xe2\x99\xcc\x1bk\xb0\x15+\
\xa2\xd1\x12\xc0\xa8<~\xff\xe1\x8d\x16\xf7\xad\xd7\xe9t\
\xbe\xd3\xb95~\xef\xe9u\xaa`\xd4b\x0b,.\xd2\
,\x0e\xe4k\xfe\xf0\xf5\x19TE\x1bA\xe1\xd5\xd5\xa1\
\xc2\x99\xef\xf0\xf2B\xc3}\xc5\x1b\xdd\x9f\x1b_pm\
\xfa\xf9\x80\xf3\xd9rP\xe5T\x89k\x8e\xd2Je&\
\x98+i:\xfd\xb8\xae\x84\x19 d\xc0)\xf1x\x8a\
\xae\x8b\x0d\x17\x89\xa2\xb6!\xae\x9by\xaa[\xa50\x0e\
\x93\x90|^\xb0\xabK\xe5\x10\x8b-\x12\xf7gN\xa5\
\xc3C8\xa2\x83&\xa9E@\x1b9\xbbb\xc6;\x87\
\x18\xedc\x97\xb0\xe03\xda\xf9\x93\xb9\xf8L\xd0%\xab\
'6\xcf\xd9*`:\x0eC\xbe\x12\xb8Qe\x08\xa0\
\x92g\x11\x7f\x8bu\xb6\xda\x08|\x02T.\xcaO\x5c\
$\x08\xc0]\xe6N$s*\xe8y\x0f\x85\xdb\x99\xa9\
\x0a@5\xebb7\x89\x84\xe3\xa2J\xcc\xc1\xa6Mg\
{N\x16u(\x9e\x93'})\xb4l\xfe\x94\xa93\
\xc7Q\xe5j\x1a\xb9\xf2<\x87r\x9b\x10\xd8\x9f\xca\xc3\
\x0aT\x10\xc8\x95\xea\xa8\xa1\xa80\xdc\xb6\x5c,,\xf7\
Y7/\xc2$\xcb\x8f\xbe\x0f\xa0\x0e\xb3\x91\x07NN\
\xb3\xaeD\x00w\xf3\xd3\xb2\xadE\xea\xba\xcc\x15mG\
>m\xa6aD:\x12H\xb8\xca!\xdbpbKG\
\xf7pD\x98\x19\xf1X\x91F\xb3JNd\xab\xec\x0a\
E\x9d<\x91'\x1c\xebj\xb9P\xf5\xa5\x9e\xcc/{\
'\xc97\xa3b\xb3\xd9J\x13\xb3B\xf8}\x89\x8b\xa1\
x\xd0\xb2\x08<\xe4!\x0fy\xc8C\x1e\xf2\x90\x87<\
\xe4!\x0fy\xc8C\x1e\xf2\x90\x87<\xe4!\x00,\xa1\
kh\xe1|\xd4\x8a\x02\xd1rV\xfeb\xcbA\xb6\xf0\
\xb6E.\x9e\x99}U^\xe6\x0cidq\xea\x03`\
V\xc1\x5c \xbd\xe5e\x92\x84\x13f\xe7\xcc\xb9\xa7\xd2\
H\x0b\xb4H\x13\xffE\x87W\x86\x10[C\x87\xcfL\
F\x8e\x08\xbbz{\x1d\xfd\xfeM\xf8ut\xffZ\xfc\
\xe35\xdc\xee\xce\xef\xaf\xe9>\xdbz'\xe9\xe4\x85\xfb\
mV\x0e\xf6\xe1\xdb0\x1a\x0ej\xf2mH\x0c\x07\xcd\
\xed\xa7\xa6\xde\x86$^\xf5?\xef\xaf\xe72/\x06\xf9\
nw\xde\x96\xfdv\xb7\xfe\x19\xe4i~z\x1b\xfe1\
\xa6\xc7c\x91\x1c\x8e\xbe\xddF~\xbb\x8d\xa1\xe9\x97)\
\xe8n\x1b\xfd\x8e\x00+z`?^O\xdb\xa0\xfc\xf7\
o\xe6\xa7\xfamHc\xe7\xbb}\x9a\xbe\x0d/\xa7\xf4\
?\x7fD\xff\xc5\xf6~\xbc\x16^\x19\x0fp\x18*K\
\x0cX\xe2\xfa\xf3\xc5\x1b\x0f\xc6\x83\xfe\xd3\xfa`\xfcs\
\x1c\x93\xe3\xaf\x8a\xc1\xf8\xfa\xd2a;\xe5\x87-\xc6\xb5\
\xdb\xed>W??|?\x7f:\xc9\xf2l{\xdf\xec\
P\x07^\xf16<\xe5\x97,\xec\x1d\xf7\x801,j\
\x8c\xb9z\x1b2/\xf7O\xfe\xcf\xe3_\xe8Y\xea\x06\
\x9e\xbc\x83\xef\x9d\xfe\x86\x9c\x1a\x0f\x9e\x89\xb8;u\x07\
\xf6A\xd87l\xcco\x8e\xd9\xe7\xde\xf1\x98\xf9\xf5_\
\x03\xe6\x0bm\xcc\xcd1s\xf7{O\xc2\x8f\xd7\xee\x1f\
\x0a\xef?\xfe\x07\xa89m\xb1\
\x00\x00\x08\xe8\
\x00\
\x00 4x\xda\xedZY\x93\xaaH\x16~\xbf\xbf\xa2\
\xc2~\x99\x89\x8ai\x01\xc1*;\xaanD&\x9b \
\x8b \xb2\xe4\x1b\x9b \x92\xe0\x82\x22\xfc\xfaI\xb4\xaa\
\xba\xfaN\xf7\xc3\xbc{^\x84\x93\x87/\xcf\xfa%\x11\
\xf8v\xbadOW\x5cV\xa7\xf7Q\xde4\xfb?\xc6\
\xe3\xb6m\x7fo'\xbf\xd7\xc7l\xccP\x145&\x16\
\xa3\xa7v\x9b4\xf9\xfb\x88f^GOy\xba\xcd\xf2\
\xe6\xe3\xe6\xb2M[X_\xdfG\xd4\x13\xf5D4O\
7\xed\x0d\xf1\x8f\x98\xd9\x87_\xb0\xc3\xcd\x0d\x14\x87\xd5\
v\x93\x9e\x9a\xd1\xcf7\x9c6a\x126\xe1\xcf\xb7a\
\xf5\x8f\xcf\x95\x9f\x00\x00/\xc3{:\xf2\x14r\x09\xd2\
\xb0r\x1b$\xeb],\x8b@\xb4\x80\x95\x11\xe5!\x03\
,\x9e\x88B\xd0\xabm`\x11\x05D\xf1`\x17\x0c\x8b\
brH<zG\xd6\x1a\xb2f\x03\xc8\x13%\x7f\x00\
\xc26\x8a-\x83\x8e1;\xbd=\xe7\xecwFa\x97\
Ao\xef\x10Ou\x86\x130\x9ac\xb1H\xb6\x9a\xc0\
\x81;\x83\xa7\xe8\xa0\x17Y\xd3\x13)$\xab;\xbd\x18\
\xdc\x01B\xc9|\xf9\xb6\xff\xf4-\xf0\xf5\xbf\xf7m\xc5\
\xe5\xf1\xc4(\xe3\xca\xdeG\x0c\xd7\xdf\x10\xb4\xeb\xe0\xdf\
v\xb8\xb4\xe5\x01\xcb.\x02<\xeb\x00$\xf1\x0d\xb0\x8b\
\x1a\x98js\x15\x99[\xcc\xe7\xd0\xe3\xaa\x18\xbb\xbb\xd0\
s\xcf\x09\xcf1z{C\x09\x08~\x1f\x82g\xaa\x9e\
\xc5\xee\x09Ps\x98\xcb\xf4\x99;\xce\x1cy=$\xa4\
\x0d\x18\xf5\x12\x1f\x8c=\xf1o\x8a\x08~\xe4IT\xe4\
\x95M\xe0%\xa561\x18\xd45l\xe4]\x0f\x04\xbf\
Od\xe9\x1c0\xaej\xcf\xb3S*\xd3\xad\x89\xcb=\
\x12\xea\x89)\xc4\xac\xc1\x04\x1d\xda\xd28(D\x8e\xe4\
\xa77\x0a\xb11\x9d\x98\xd6y\x1a\x9b\x8e\x81QA<\
ubV\x17\xf2\x13\xf1\xf3\x14\xf8\xf7XC\xb9lC\
\xe2\x15\xd1\x9d\x13q\x86\x07\xa7\xd8\xaf\xbaBx\xcf\x9d\
\xb1\x8d&\xca\xaf\xb9s>s\x17L\xeeXZ\x15t\
\xb7\xa8a^\xe8\x95Q\x9f\x8e\xfa\xf9j\x04L\xd2K\
\x8e*\x17\xa6\xf3\xec\x88\xfe\xb0\x8e\xca[.k\x9c|\
=\x9b\x1dT\x1cx\x06\x15z\xb3s\xf8\x91\xd3h\x02\
\xcbh\xc8i5\xf8'5\xc8\xb7I\x8d\xcc<d\xca\
3\x9a\xa8%\x92\xcb2\xaa\xec>\x0b\xd5\x22\xf1\xd5S\
\xca\xd3=\xf2\xaeX\xb9\xd5^\xc5K\xef\x8e\x13\xf8F\
\x8f|\xf5\x86\x1dw3\xe2\x1b\xcc5\xfc\x1d\xc3:'\
\x85\xb1\x0be\xa9\x0f\xa5,\xc3|\x8b\xcf\xaf\x9b]\x7f\
\xb5.\xd3\xab2;a\xcc\xd9[\xbb\xcfu\xfdP-\
Qj\xb4^>\xa6\xb7M>\xc6;\x84\xa5\x22\x91\xcb\
KTeI\xc0\xcc\x1a\x0dK\xe7D\xce;\xe2\xfb>\
\xe8\xb8\x22\x92%\x1a\xc9\xebs<W/\x09.w\xc8\
\xb3\x0f\xb1,u\x81G\x97\x89\xecv\xf1Tb\xe7\x8c\
q\x89H\x1eI,u\x8cgm\xe8\xe9$vu\x8f\
H\x9c\x9aG\xd60\x22\xfd\xe1\x0e\xb5\xaf\x12\x8f;F\
x6\x89p\xb3C\xbeQ\xc4\xb8l\xef\xfb\xe7\xd8b\
\xaey\xe2\xd9\xa52\x87d\xff\xdb3;en\xd7\xa1\
\xafg\x08\x97'\xb4\x82y\xc2C*\x94\xd7\x19\xa9\xf7\
5\xf1\xdc\x9e\xdc_\xd0\x16\xe6\xca\xdc%9R\xb2\xc0\
\xe3v\x8aL\xe7\xe9\x0a\xd6\x81\x8fJE6:Dz\
\x12yVFz \x8b\xbc\x19\xe9q\x82M\xeeI\x9c\
d\x1d\xed#\x82Gb'q\x93\x1e\x9a\x13\xdf}\xe3\
\x82*{\x12\xf8ji\x91>\x8e\xaaU\x8ed\x12\x9f\
\xe7~\xf9H\xeay\x8a\xc4\xcf\xdc\x19j\x84\x8d\xd3\xa0\
G\xcba.\x04\xe5O\x9e\x80w\x9e\x18\xe6$\xfb\x85\
'l\xe3\xa3\x96y\x1e3\xd9\x19\xc9\x12u\xe3\x99\xcf\
\xb9\x83\x9b\x17]b!\x88]\xb6\xf2\x04=\xb6O\xbe\
\xf12\xe0\xf3\xe0>wn\x11x\xd7\x0a\x91^\x0d\x1c\
\x856\xb0\xd1\x06\x9em\x80_E\xb6I.\x8c\xda\xe3\
\xa1\xa3-\xbd\x9e.\xbcu\xbb\xe1^\x17m\xd1Q\xab\
\xe5\xb1:5+v]l\xa4\xa2[%\x0b=\x9dh\
3Q\xc3\xf6y\xa8q\x84\xef\xbd8\xe44\xc2%&\
5\xa3B\xec\xb2\x01s\xa5cf\x88\xdd\x845v\x87\
\xd9\xee\x12\xb8\xf5\x10\xbe\x92g\x12*\x84\xbb\x14\x0e{\
\x17\xdc\x17\x0f\xa9\xcc\x9d\x87t\x92\xab_y\x08|\xcc\
\x0c\xc1\xcdC\x8f\x22\xfd|\xe3>^`\x86\xd9]\x94\
\x01#\x9d\x10\x83\xc8\xbc\x8b\x84C\xd1\x9e\xec]EX\
\xa2\xc8\xdc\x94\xa9\xf8\xcb\xdc\xac>fd\xe2vQ\xb1\
\xbf]\x9b\xa4r\x86\xec\x16\x86l\xef\xb4!WE\xd0\
\x18BN8\x99\xceu\xd9\xa24\xc7-t'\xe3\x02\
\xc7\xde\x05\xd8\xeat\xfe\x03\xa3\x22\xdc\xc6py2w\
I\x1f\xed\xf7\xa4\xd6\x14\xe9\xb1\x02\xadK1\xe5\xafl\
\xe4\x83i\xe8\x95;\xb3\x08XS\xd6)\xdd\x01\x13\xcd\
\x13\xc9\xcc\x10|Y\xe1L\x9ebI\xaf\x11\xfc\x8c\xd4\
\xc7.\xf5~Mx\x9e\xe8\xe7*\xe9}7'=\xb7\
\xf3\x19\xa9\x8f\x19\xb7\xbb\xf7\x92)\xd4x8?\xae\xac\
\xe6\x1be$\x07\xc5\xad\x97p0\xfb;\xae\xd7\xfe\x89\
\xbf\x99\xcf\x9a\xf3\x81\xc6\x87/\xd7gg)\xf1\xe3\xa3\
X0]\x18\x95\xb2:7\xc5\xb6;\xc4\xb3\x92\x9d\xc0\
p>\xf6\x16\xcc\xfc\xf9\x8b\x87\xf6\xff\x07\x0f}\xce\x80\
Nj\xa6~qP?\x15\xe5\xb1\xe5\x87\x9a];\x02\
\x9b\xe1\xc8n\xd6\xba#\x22s:\x9d{\x8b\xe8$\x1d\
*\xcb?\x13\x02\xb8\xf0\xdb`\xa8\xd3<#5uO\
hk\xdc\xfa\x05\x15\xf4'\xfe\xb7\xdc\xe8\x97\x8f\x1c\xdc\
b#=J\xf2'}\xed9\xbf^^P\x8f\x19\xd9\
_E\xe7\xd3X8\x0b\xca2\xdd\xad\x90\xf9|(\xc3\
i\xd9\x92'\xf4~\x5c1Xn\xa8{\x9f\xd1\x1b\xc4\
\xb8g\x12\x13\xc1\x99u\xfe\xc0\xcb\xf8\xb9\xf8\x98\xf5\x8b\
\xe5qTHx/\x96\xcbB\x11\x07\x9e \x1c3A\
$\xf7\xc6\x90\xfbR_\xb1\xadV\xc0cLx>\xa0\
\xbf\xe9\xb7,\xa5\x0d\xe78\x04\xec\x17\x0f\xf0\xf9\xe7\xfb\
B\x11\xb7\xff\xf3\xbe\xf0\xbf\xbdv{\xdf\x00\xcam\xce\
\x9b\x85\xe8Y\xca\xaa\xceD,\xf3\x12\x02Y\xddf\x99\
\x22\xeb\x8a\x02\x8b\x10\x08 \x13y\x90\xdb\x80\x0b\xc1\xe2\
\xe5\xa4p\x946e\xb3q-[\xd9z\x86\xe8\xb5C\
,\x160\xcb\x0e\xf9\xae0\x97\x96%\x80\x1e\xaa\xba\x1d\
\xb7\x92\x15\x08\xaee-\xc4\x96\x83\xdf\xb8\xfb\xa4H\x90\
\xb7z\xf1\xac\xf3\xad\x0c\xe8\xb5\x08\xaez\xf9\xd7\x5c\x10\
N\xaf\xec\xe1\xdc\xc9\xac\xdb\x19DzN.\xf3h\xae\
gk<\xbb\x10N\x16,\x07\xa4RK\xdew\x0a@\
\xce\xec\xf8j\x0a\xe4LwP8\xe8La\xd0\x05W\
\xd3\xb9\xebt\xd1\xbaJ=paf\xb8\x10\x90~\xd9\
}?\x83\xdal-\xaa\x82\xbe\xda\xb5\xa4\xf2\x83\xbf\x82\
\xd8\xc1\xef\xfef_\xe7\xc67\xbf\xd67~ \xf5\xec\
!\xd2\xa1.\xc3\xee \xaftvFr%\xf3\xfc\xc7\
u+\xce\x01\xa5\x00\xa8\xe6S\x1e_\xb45\xcc$\xc9\
XS\x97\xf5\xa24\xddF\x9c&EB\xbfh\xdc\xea\
\xdc\xfa\x94\x96bi{\x82\xfa$\xd9%\xe3I\xdc\x15\
W\x09L\xac\x9a[\xb1\xd3\x8dO\x8d\xb7y@\xb9\xe8\
\x05o\xa2\xd9Bz\xa1&\x0dg\x16\x9e\x00=\x1d\xb0\
C\x0e\x13\xa1\x15\xe1\xb8\xb5D\xd0*\xf3L\xb8\xc7:\
_\xadE\xa1\x00:\xcc\xea#\xccD\x11\x04\xcb\xda\xcf\
\x14\xa8\x83[\xde\x13\xf1\xfe\x0c\xaf\x03\xd0\xce\x87\xd8m\
\xaa\x800k\xa5\x1a\xac\xfbr\xbe\x85\x8ad\x22\xe9T\
<\x9bK\xb1\xe7\xea\xe7J\x9f\xfb\xbe\xae\xb4|\x16(\
\x8b\x1a)}A\x91\xfdt\x01\xb5\xa0E@iu_\
O$\x95\x85i\xa3in\xf0b\xdagqV\xd5\x87\
(\x02\xc8D\xd58\x04G\xbfsZ\x09\xa0\xcd\xe2\xb8\
\xec\xaf\x12sY\xd6\xaa\xb1\xa1\x9f\xd7|\x92\xd1\xbe\x0c\
\x0a\xd8\xfat\x9f\xcc<\xf9\x10\xec\x0e\x98dF:\xb4\
\xb4\xd5\xad\x8a#\xdd\xab\x9b\xbd\xaa\xcf\x9e\xe9#\x89u\
\xb5\xd4tsi\x16\x8b\xf3\xd6/\xea\xf5x\xbf^\xa7\
\xf2\xccn1y_\x829\x92vF\x95\x81\x87<\xe4\
!\x0fy\xc8C\x1e\xf2\x90\x87<\xe4!\x0fy\xc8C\
\x1e\xf2\x90\x87<\x04\x80%\x0a,\xd9+u\x1b\x85\x9a\
\xc1V\xc6\xab\xb36\x8a\x89q\x08\x19\xbc\x9a\xc5\xc6\xc6\
z\xde\xa7Q\xb3\x03'\x8f\xa7|U}\xb5\xb6yM\
\xcf<\xed5\x15\x1d}-\xc1E*\xf4\xa1\xfc\xfc\x12\
\xce\x8f\xf1l\xf3\x0a\x97\xb4\xe2fa\x9a\xd1\xc1\xfb\xdb\
\xf8\xaf\xdf\x84\xdf\xc6__\x8b\x7f\xbc%\xe9\xe6\xf4\xf3\
\xad\xdcVix\x94\x8fa\xb2M\xab\xe6i\x9b\xbc\x8f\
\xb2\xd1\xd3\x95~\x1fQ\xa3\xa7\xee\xfese\xdeG4\
\xb9\xbb\xfd\xfc|;5\xf5\xfe\xa9\xdelNis[\
\x1e\xee\xff\x13\xd7e}|\x1f\xfd6\xa5\x00'\x81\xd1\
\xf8\x173\xfa\x173\x86\x9bND8\x98\x8d\xff\xea\x01\
Q\xdc\x1c\xfb\xf1vL\xe3\xe6\x9f\xbf\x99\x1f\xaf\xef\xa3\
\x09\xd9|\xb3-\xcb\xf7\xd1\xf9X\xfe\xeb\xb7\xec\xdf\x04\
\xef\xc7[\xbc=\xc6e\xfa\x14\x13\x83);z\x8a\xbb\
\xfb/\xd9u2\xfd\xb4\xffm\xb3\xd9\xfc\x931;\xbd\
\x19\xffi\xfb\xe5\xeb\x87O\xc4\x96#\x1e\x10S\xee\xe5\
\xdbW\xfd?\x1d\x9c\xd0w\xff\xfe\x16b\xf8/\xc0\xcf\
\x1f\xff\x05D6=\xa2\
\x00\x00\x08\xb5\
\x00\
\x00\x1f\xafx\xda\xedYIs\xab\xba\x12\xde\x9f_\xe1\
\xca[\xa6N\xcc\xe4\xe4p+9U\x92\x19\x0cF\x10\
\xb0\x99\xb4c\xb0\x99\xc1\x036\x86_\xff\x843\x9c\xdc\
\xdc\xfb\x16o\xeff\x83ZR\xab\xfb\xeb\xeeOT\xf1\
|<'?&\x93KU\xd6\xc7\x97\xbb\xb4mw\x7f\
M\xa7]\xd7=t\xecCsH\xa6\x0cEQS\xb2\
\xe6\x8e,\xea\xb2\xb8M_\xee\x18n\x1c\xa4\x9b,I\
\xdb\x8f\xd19\xdbt\xb0\xb9\xbc\xdcQ\x13j\xc2p\x93\
7\xed6+\xcb\x97\xbb\xba\xa97\xe3\xe8\xd8\x1e\x9ab\
\xf3r\xf7\x1f\xea*\x7fT??\x0c\x7fQ\x95Y\xbd\
\x89\x82\xdd\xcb\xdd\xa19\xd5\xf1\xb7\x89\xbc\xc9\xea?3\
W\xdf\xff\x8a\x98]\xf0\x19\xc08\xb8\xba_\x05u\xb6\
\xdd\x1c\xdb\xbb\xdf\xcf\xd5\xa6\x0d\xe2\xa0\x0d~?\x8f\xb3\
\x7f}\xcc\xfc\x06\x00\xb8I\xb5\xa3CW!\xaf`\x13\
\xd4N\x8be\xd4G\xb2\x08D\x13\x98\x09Q\xee\x13\xc0\
U\xac(\xf8\x83\xda\xf9&Q@\x1c\x8d\xeb\xfcqR\
\x8c\xf7\xb1K\x17d\xae%s\x16\x80s\xa2\x9c\xef\x81\
\x90\x85\x91\xa9\xd3Q\xc5=^\xf7\xad\x9b\x8b!\xfb\x83\
!\xc0\x02\xad\xe8\x12\x0dq\xa1\xad\xad\x14\xb9bk\xc8\
\xb8\xf0{j\x86e\xb1C\x8cx\xd1e\xc4\xe9\xb98\
\xfa#\x94\xcc\xa7o\xbb\x0f\xdf|\x0f\xfd\xbbo\xabY\
\x1a\xb1z\x19\xd5\xd6.df\xc3\xb8\x09h\x97\xd1\xbf\
l|\xb5\xe4\xd1\x96\x95\xfb\x15\xdf\x03H\xe2\x1b\xcd.\
\x1b`\xa8\xedEd\xae1\x9f\x02wVG\x95S\x04\
\xaes\x8a\xe73\x06uW+>\xb1?\x04\x0bwS\
\xaf$\xd5\xac\xd8Z>yv#?\xce3j\xf4\x02\
v>\xa3\x9e\xa3\xbd\xbe#\xfe=bb?t%*\
t\xcb\xd6w\xe3Rcu\x06\xf7-\x17\xba\x97=\xb1\
?\xc4\xb2t\xf2\x19G\xb5\x16\xc9q#\xd3\x9dQ\x95\
;,4\x14vI\xdc\x82\x9e\xfa\x19\xc5aY\x19\xb4\
\xb5\xc9\x18k\xb3\xf5sD\xa3\x9e\xe8\xd6\x803\x5c\x91\
F\x15Y\xb7N\x8f\xc4\xcf\xa3\xef\xbd\xc5\x1a\xc8e\x17\
,`Jt\xa7X\xe4\xab\xd1)\xee3\xaf\x10\xbea\
\xa7g!\xab|\xc7n\xfd\x81\x9d\xcf\xbe\xd9\xd2j\xbf\
\xbfF\x0d\xd3\x1c\xd5zc\xde\x9bZ\xd6\x1c2/\x90\
\x8b\xb8\xa8\xd0\x09D\x9a<\x1a\xc0\xe5\x15\xcb\xa6\x8a?\
\xf7&{\xb5\xf2]\x9d\x0a\x5c\xfe\x14\xbcc\x1a\xb2\xb0\
\x0cGL\xeb\xd1?\xa9\xc5\x9eErd\xa4\x01S\x9e\
0\xab\x96X.\xcb\xb0\xb6\x86$P\xf3\xd8S\x8f\x9b\
9=`\xf7R)\xd7\xdc\xab\xd5\xab\xfbf\xc7\xf7\xf4\
\x01{\xea\xd5v\xd4\xf3\xc47\x98j\xd5W\x1b\xe6)\
\xce\xf5\x22\x90\xa5!\x90\x92\xe4\xd7\x01\x1a`#8\x8f\
\x0avw|\x92g}p>\x1a\xb8\xe5\x0e})\xf2\
\x83\x97\xa4\xb2dY\xa1\xf3*\xf5\x05\xae\xa4<\x96\xcb\
sX'\xb1\xcf\xf0\xadVI\xa7XN{\xe2\xfb\xce\
\xefgy(K4\x96\xedS\xb4P\xcfqU\x16\xd8\
\xb5\xf6\x91,\xf5\xbeK\x97\xb1\xec\xf4\xd1\xa3\xc4-\x18\
\xfd\x1c\x12\x1cI,MT\xf1]\xe0\x22\x12\xbb\xba\xc3\
$N\xcd%s\x15&\xf5\xe1\x8c\xb9\xafcwv\x08\
+\x9e\x0d\xab\xb6\xc0\x9e\x9eGU\xd9\xbd\x9d\x9fV&\
sIc\xd7*\x95\x05$\xe7_\xf7\x14\xca\xc2j\x02\
\x0f%\xb8*\x8fx\x05\xd3x\x0e\xa9@\xb6\x13\x92\xef\
K\xec:\x03\x19\x9fq\x06Se\xe1\x10\x8c\x94\xc4w\
g\x85\x22\xd3\xe9f\x05\x1b\xdf\xc3\xa5\x22\xeb=&5\
\x89]3!5\x90\x84.Oj\x9c\xd8&c\x12'\
\x99\xc7\xbb\x90\xd8#\xb1\x93\xb8I\x0d-\x88\xef\x9e~\
\xc6\xb5\xc5\xfa\x9eZ\x9a\xa4\x8e\xc3z\x95b\x99\xc4\xe7\
:\x9f>\x92|\x1eC\xf1\x03;]\x0d+\xfd8\xea\
\xf1\xab=\xb6\xaf\xf2\x87'\xe0\x1bO\x8c}\x92|\xe3\
\x09K\x7f\xcfe\x9aFLr\xc2\xb2D]y\xe6\xa3\
\xef\xb4\x83\x92\xc6\xfb\xe0\xd2\xa9J\xad;ZP\x1d\x1a\
f56\xe6\x1c\xbc\xf5\x9d\x93\xfb\xee\xa5\xc6\xa4V\xfd\
\xb5B\xeb\x95\xde\xf9\xae\x85\xc07\xc1\xf2h?\xf5\x15\
\x94\x14<M\xed9I=&\xbb\x92u\xbbG&\x97\
\x8d\xa1>\x9c\xd0\xb4\x9a\x1aO^}\xa4\xc3C\xa3\x9c\
\xbd\xa7\xf7xO\xd78*\x9f\xe0&\x11\x8e\xc0e\xc4\
Z{\xec\xa5yH\xf0\xbe\xd6#'g$\x8f\x14\xc1\
\x8a\x92Mq\x8e\xab\x0b\xa9\xf9\x98\x0a`\xb1\x81\xe3\xe1\
\xf9\xec\x93\x87T\xe6\x8d\x87\x10\xc1\xea;\x0f\x81\xf7\x9e\
\xf1\x09\xbe\x81K\x91z\xber\xdf\x5c`\xc6\xde]\x96\
>#\x1d1\x83I\xbf\x8b\xbd\xbe\xc6\xbb\x88)\xeb\xb0\
\x92(\xd27\xe5F\xfc\xd67\xab\xf7\x1ea\x9d>\xcc\
w\xd7w#\x179\x9c#\x0e\xc9\xe6Es\xedAg\
\xccV\x97\xc5\x8b\xbf\x22\xfcRY\xb9\xb6.\x0b\x7f\x0d\
\x06\x7f-R\xfe\x900\xe8\xc3FM\xb8\x8d\x99\xa5\xf1\
\xc2!u\xb4\xdb\x91\x5cS\xa4\xc6rl\x97\xe2f~\
\xe1B\x0f<\x06nY\x18yD\xa1\xb58 \x01P\
\xda:\xa1u\xc6nu!\x1a\xd0\x9c\xe2P\x9e0\x84\
\xf33\x9c\x93s\x07\xab\xc0\xb2U\xe8\x9eJj\xdfI\
I\xcd\x15\x1e#\x0d\x11\xe3\xf4o\xb5d\x08M5\xde\
\x1f\x17N\xf3\xf42\x94\xfd\xfc=\x07\xfc\xbfq\xbd\xf6\
\xbf\xf8\x9b\xb1H\xfd\xeb\x8d;\x17\xfa\xa3\xc8AN\xf7\
\x9a\xb4\x0cjfnh\xea\xfe\xbe\x9bUlv^\xda\
kV\xdf\xccE\xdf\x91\xa4\xd6\xfe\xe5-?xh\xf7\
\x7f\xf0\xd0G\x0f \x923\xf5\x93\x83p\xef\xe5lg\
\xa9\xc5\x16\x94h\xc61\xfcJ\xe1\xe1\x02\x86\xeb\xe4T\
\xebu\xc7w\xa29\x8f\xf6&\xbb\x0e\xb2\xcc\x1f\xf3\xb4\
HHN\x9d#\xce\xf4k\xbd\xe0\x9c\xfe\xb0\xff\x05\x1b\
t~\xc7\xe0\x1a\x9bVY\x04?\xe9\xf3\xccSz0\
\xfa\xbaQ\xa3\xc2D8\xffU\x0a\xee\xbd\x19X\xf7\xbd\
R)\xbf\xb6\xcd\xa2\xef\xa5SjJ\xfav\x05 \xf5\
Vg\xf4\x163\xce\x89\xc4D\xec\xf0\xbd7\xf2ru\
\x9f\xbf\xd7\xfe\xd9tgT@x/\x92\xcb\x5c\x11G\
\x9e \x1c\xc3\x92\x1e 5A\xb0/\xd1\x8a\xeb\xb4\x1c\
\x1e\x22\xc2\xf3>\xfdE\x9fq\x94\x96\x8f\xf7\x08\xe0>\
y`\x9e~|/\xe4Q\xf7\x8f\xef\x85\x7f\xd6\xda\xf5\
{\x03(\xd7>o\x97\xa2k*\xab&\x11+y.\
a\x904]\x92(2R\x14\x98\x07@\x00\x898\x07\
\xa9\x05f\x01X>\x1d\x95\x19\xa5=r\xc9\xb4\x91\xcd\
\xc4\xe61m\xaf\xc9\x8a%L\x92}Z\xe4\xc6\xabi\
\x0a`\x80*\xb2\xa2N2}\xc11\xcd\xa5\xd8\xcd\xe0\
\x17\xee>*\x12\x9c\x9b\x83xB\xf3N\x06\xb4-\x82\
\x0b*\xff\x8e\x05\xe1\xf4\xda\x1a\xef\x9d\xc4\xbc\xdeA\xa4\
\xe6\xe42\x0d\x17(\xb1+\xfeL8Y0\xd7`#\
uT\xaf\xe7\x80CBt1\x04s }\x1b\x8c:\
C\x18u\xfe\x85\xdc\xf1W\x1d\x12\xcd\x8b4\x00\x07&\
\xba\x03A\xb3\x16\x8a\xafwP\x97\xd8\xa2*\xa0U\xd1\
\x91\xcc\x8f\xfe\x0ab\x0f\xbf\xfa\x9b|\xde\x1b_\xfc\xb2\
\xaf\xfc@\xf29@\x8c \x92a\xbf\x97W\x88\xe3\x09\
V\xf2|\xfe\xfe\xde\x89\x0b@)\x00\xaa\xe9\xe3\xbc:\
k6L$I\xb7\xa9\xb3\xbd,\x0d\xa7\x15\x1f\xe3<\
\xa6\x9f\xb4\xd9\xea\xd4y\x94\xb6\xa9\xa4\xec\x08\x11\x1b\x17\
\xf1\x94\x8d\xfa\xfc\x22\x01\xd6lf+\xeeq\xebQ\xd3\
,\xf5)\x07?U\xdb\x90_JO\x14\xdb\xce\x8c\xdc\
\x15\xa0\x8b\x007b\x18\x0b\x9d\x08\xa7\x9d)\x82NY\
$\xc2[\xac\x8b\x95-\x0a9@0i\x0e0\x11E\
\xe0\xbf6^\xa2@\x04\xae\xb8\xc7\xe2\xdb\x9e9!\xf4\
n1\xc6nQ9\x84I'5\xc0\x1e\xcaE\x06\x15\
\xc9\xc0\xd21\xbf7^\xc5a\xd6\xdc\xd7h\xe1yH\
\xe9\xe6\x89\xaf,\x1b\xac\x0c9E\xceC\x02\xee@\x87\
\x81\xd2!\x0f\xc5\x92\xca\xc1M\xabi\x8e\xffdX'\
\x91\xaf\x9b}\x18\x02l\xe0z\x1a\x80\x83\xd7\xaf;\x09\
\xe0\xed\xf2\xf0:\x5c$\xe6\xfc\xda\xa8\xfa\x96\xbe\xb7\xe7\
qB{2\xc8a\xe7\xd1C\xcc\xbb\xf2\xde/\xf6\x15\
AF\xdaw\xb4\xd9\xaf\xf2\x03=\xa8\xdb\x9d\x8a\xf8{\
\xfa@b]\xbdj\xc8x5\xf2\xe5)\xf3\xf2\xc6\x9e\
\xeel{#\xf3VW\x91\xef%\x98b\xa9\xd0\xeb\x04\
\xdc\xe4&7\xb9\xc9Mnr\x93\x9b\xdc\xe4&7\xb9\
\xc9Mnr\x93\x9b\xdc\xe4&\x00\xbcb\xdf\x94\xdb\xe4\
\xb0-\x11\xb76:\xaf\x86\xaf\xe2R\xdb:\xac\x9b\xf9\
\x07\xad\x16\x86W\x96\x83\xd2\x81>\x89&\xa3z\x07\x9e\
\xc2\x90\x05Ox\x9bCNIN\x8d-\xcef\xf9\xb0\
\xb77\x91=h\xdcS:\xf0\xd3\xd01tj\xafr\
/\xcf\xd3\xbf\xff\x13~\x9e~\xfe-\xfe1\x99<\xef\
\x826\x9d\xc4/w\x88\xa1&\x0c\x150\x13fB]\
\x1f\xe6'\xe3\xfc\xfa3\xfeI\xc6\xe9\xcf\xa7\x07\xfeS\
E\xff\xa4\x1f\x1e\xf9\x9f\x0f\xbc\xc6?<N\xd8\x07\x1e\
\xfc\xd9L\xd6\xb1\x13v\xc1}\xdd?a\xce4\xfb\xf5\
\x80\x09\x83\xef&\xd3\xdf?\x9e\xc7\x9f\xf0\xbf\x7f\xfc\x17\
\xcc\x8a\x11\xfe\
\x00\x00\x09h\
\x00\
\x00!\xe3x\xda\xedZY\x93\xaaH\x16~\xef_a\
\xd8/=Q=W@\xb0\x8a\x8e\xaa\x1b\xc1.\xc8\x22\
.,\xf9\xc6\xa2,\x92\x80\x82\xb2\xfc\xfaI\xb4\xca[\
\xb7\xfa\xf6\xc3L\xcc\xa3\xe7A 3\xcf\x97g\xfd\x92\
\x08|\xad.\xd1\xa8\x85Y^\xbd\x8d\xe3\xba.\xff\x9a\
L\x9a\xa6\xf9\xd6L\xbf\x15\xa7hB`\x186A+\
\xc6\xa3&\x09\xeb\xf8m\x8c\x13/\xe3Q\xbcK\xa2\xb8\
~\x7f\xb8$\xbb\x86-\xda\xb716\xc2Fhdt\
\x1d\xbd\x22\xfe\x15\x10\xa5w\x87\x1d\x1e\xae\xa0\xd0\xcb\x93\
\xfd\xae\xaa\xc7\xdf_\xe1\xae\xf6B\xaf\xf6\xbe\xbf\x0e\xb3\
\x7f}\xcc|g\x18\xc6\x8e`\x89\xfb\xb6\x8cn\x99\x9d\
\x97[5\x90\xb4.\x90\x04F0\x193B\x83\xc7\x88\
!\xe1T\xe0\xdd^i\x5c\x13\x0d\xb0 \x18\xd6\xb9\xc3\
\xa4\x10\x1eC\x1b?\xa0\xb9\x1a\xcd\xad\x18\x96C\x83\xdc\
\x91\xe1\x13?0u<\x80\xe4\xec\xaa\xb7)\xa1\x0e\xb5\
^#4\xd2X\xe3\x07c\xa3Q\xea\xc6l4[\xa8\
\x8d\xcd*58\x8c2l\xb3\xd1%\xb3q\x09\x81\xd2\
\xa1;\xd8\xc3g\xc4\xdd\xb6\xf2\xc36\xd7\xd1~m\xdb\
\x9a\x8a\x83\xa9\x9e\x05\xf9\xaa\xf4\x09\xaa\x1f\x94\x18\xb5\x1d\
\xecK\x86\xdb\x954`\xadR\x17\xd2\x1d\xc3\x22\xff\x06\
\xd8E\xc1\x18J\xdd\x0a\xc4\xd5\xe7\xb3gSy\x00\xad\
\x83g[\xe7\x90\xa3\x08\xad\xb9\xa2\xb8\x08\xbf\xf7\x94\xaa\
\xa3\xa9\xb5Dj\x9eQ\xf9\x01_\x96\xc6\xd1YcC\
@\x90\xcd\xca%8\xea%\xb2o\x06\x10\xbeo\x8b\x98\
og\xb5k\x87\x99:\xd5\x09\xd0\xd5\xa4o\xb7G\x84\
\xdf\x87\x92xv\x09KY\xcd\xa3j'\xe1\x8d\x01\xb3\
\x12\xf0ej\xf0\x1a\x096&\xa9'X\x0fl%Q\
7\xabD\xb3\xdd\xda\xdd\xc4\x19XcS\xb0Y\xc5n\
o\x92\x1a\x1f\xf5\xc6\x06T\xc8\xce\xcaun\xbezR\
\xd6xs6Fc\xe7P\xa0\xe1`\x14y\xcf+\xcb\
\xdeb\xa7'\xfeT\xfe\x1a\xbb\xcdG\xec\xdc\xe9\x0dK\
\xcd\xdd\xee\xea5\x1b\xa7Z\xae\x17\xdc\xcc\xe9\xd5'{\
\x19V\xaa\xd6\x1dE\x95\x96\xd8\xe8<\xcc\x83\xec\x1a\xcb\
\x02\x86w\xdd\xe8\xa8@\xd7\xd61\xcf\xa6\xcf\xde{L\
\xfd)\x9b\xf9CL\xf3\xc1>\xb1\x06\xce\x0a\xe5\xc8\x88\
=\x22;\x83\xa9\x92\x01)\xcb\xfc|\xd5G\x9e\x92\x86\
\x8eR\xed8\x1c\xf9\xdfB\xf9\x9a{\x05.\xed\x1b\x8e\
\xeb\xe8=p\x94+v\xd0\xd1\xc866V\xe1g\x0c\
\xf3\x1c\xa6\xfa\xc1\x93\xc4\xde\x13\xa3(>\xceJ\xa0v\
:u\x14\xcb%\x94w81\xdf:s\x18\xbe\x1c&\
\xa7\x19\xbd\xc7s\x9f~\xb1\x03\xba\xed\x9c\xd9\x01@1\
\x0d\xa5\xec\xe2\xe7Q\xe8\x12t\xadB\xf1\x1cJq\x87\
l/\xdd\x8eJ}I\xc4\x81\xb4=\x07s\xe5\x12\xc2\
\xec\x00\xec\xd51\x90\xc4\xce\xb5\xf1,\x94\xac.\x98\x89\
\xe4\x9c\xd0/>\x8a#\xf2\xa5\x08 \xddx\xb6\x86|\
WJ\x80\xfcTm4\x07\x01\xaa\x0fk\xc8}\x1e\xda\
\xd4\xc9\x87\xf4\xd4\x87\xf5\x018z\x1a\xc0\xac\xb9\xed\x1f\
C\x93h\xe3\xd0^e\xf2\x9cE\xfb_u\x0e\xf2|\
Ux\x8e\x16\x01\x98U`\xcd\xc6!\xc7b\x9e\xb4\x8d\
P\xbe\xdb\xd0\xb6z\xf4|\x01\x09\x1b\xcbs\x0b\xc5H\
\x8e\x5c\x9b:\xc8\x12\x1e\xef\xd6l\xe1: \x93%\xbd\
\x03\xa8&\x81mF\xa8\x06\x22\xdf\xa6Q\x8d#l\xf4\
\x8c\xfcD\xf3\xa0\xf4\x11\x1e\xf2\x1d\xf9\x8djh\x8el\
w\xf4\x0b\xc8WS\xd7Q2\x13\xd5\xb1\x9f\xafc \
!\xffl\xebn#\xcag\xe5\x0b\x1f\xb1\xd3\x15\x1f\xea\
\xd50\x0e\x96\xdb\xa1}\xe5\x1f<\xc1\xdexb\xe8\x93\
\xe8\x0bO\xac\xf4\xf7\x5c\xc6q@Dg \x89\xd8\x95\
g\xee}\xb7p3\xe2\x99P_.\xb9\xddu\xcai\
\xcd\xc5v\xa8\x0d\xfa\xcc\xad\xef\xac\xd4\xb5\xdb\x1c\xa0Z\
u72\xaeC\xbdq\xed\x95\xce|\x15i\x85b\xa1\
\x176\xc7\xeb\x17\x83\xa7tG\x99\x98\xb5\xa1\xac4\xb1\
\xdc\xd0\xc7\xb2\x12\x9f\xac\x10\xa8Q*\x09%o\xaf1\
M5\xd5\x8cX\x9d\x87\x1c\xfb\xf0V\x8bCL}\x98\
A\x943\xcc\x83\x16\xe9\x12-\x1e\x10\x83\xef\x06[@\
k\xe8\xed.d\x13\x1b\xc0\x16\xe9\x84\x98\xc7\x1ev\xec\
\xb0wJ\xddyH!n<\xa4\xa1X}\xe5!\xe6\
\xbdg\x10n\xec\xd9\x18\xaa\xe7+\xf7q<1\xf4\xee\
\x22s\x09\xb1\x02\x04@\xfd.t\xfa\x06\x94h\xef\xdc\
\x87\x22\x86\xfa&\xdb\x09_\xfaf\xfd\xde#S\xab\xf3\
\xd3\xf2zo@\x97p{\xadw\xfb\x88Rm\x93\xd2\
\xfaC\xad\xf3L\xeb\xae1J\x974R\xdd\x1c(\xc0\
3\x18\xe0\xd9\xd4\xdd\x1c\x08\x90\xbcc\xe4\x88\xdb\x08*\
\x0e\xe7\x16\xaa\xa3\xb2D\xb9\xc6P\x8d\xa5`\x9b\x09;\
\xae%}\x87\x99yvv0R%\xd3\xa0\xdb\xb9\x88\
\xdbU\x1b\xf1=\x14j]\xb2b\xad\xc3\x13\xc0k\x98\
j\xcb\xbd\x81\xa2\xe3\xf6n\xebn\xc2L\xcb\x15T\xfb\
V\x8cj\xee\xe0\x10b\x1f\x10Vw\xab%\x83/\xe0\
p~\xb4\xa4\xea\xe8\x99/\xb9\xe9\xb5\x96\xa0K\xff\x8a\
\xeb\xd5\x7f\xe2o\xe2#\xe7\x9ct:f\x87\x8b<\x85\
\x85}xr\xe3g\xc7\x0dW\xc1\x0eL\xbb\xcd\xd3\xe5\
\x84O\xec\xf02mA?\x9d+\xfb\xe3\x07\x0f\x95\xff\
\x05\x0f}\xf4\x80\x86r\xa6\xdc9H\xbcT@`\xf1\
\x02Q\xed\x85'g\x8a \xa4g9\xa2\xbb\xfep\xb9\
\xe8\xfb\xd2\xab\x82\x97M\xb6h\x8f\xfa\xd1N\xdc!O\
\xf3\x08\xe5\xd4\xaa@\xa2_\xeb\x05\xa4\xf8\x07\xfe\xa7\xd8\
h\x97\xf7\x18\x5c}S\xe1\x0a\xc5O\xbc\xef9\x8bQ\
\x98\xb8@\xbe<\xbd<\xd1\xeb\xc8v\xa5\x92\x16 \xa7\
,\x96\x07\xb0\x0b\x08\x0e\xc8\x15\xfb$.\xb7\xd5\xd6\xc2\
nu\x86\xef\x01a\x9d\x91O\x08\x87\xee\x9c\x81\x97\xe1\
S\xfa\xde\xeb\x17\xd3\xa60\x0f\xf1^ e\xa9,\x0c\
<\x818f\x0aP\xec\xf5!\xf6\x99\xb6&\x1b5e\
O\x01\xe2y\x17\xff4\x9e\x90\x98\x9a\x0e\xe7\x08C\xde\
y\x80\x8b?\xde\x17\xd2\xa0\xf9\xdb\xfb\xc2\xdfk\xed\xfa\
\xbe\xc1\xc8\xd7>\xaf\x17\x82m\xca\xeb\x22\x12\xa0\xc4\x89\
\x80\x89\x8a&\x8adI\x93e6\xf5\x18\x9e\x89\x04\x8e\
\x89W\x0c\xe51\x8b\xe7J\xa60uFF\x93B2\
\xa3-\x0d\xf0\xed\x06\xadX\xb0Qt\x8c\x0f\xa9\xb14\
M\x9e\xe9YE[\x05\x8dh\xba\xbce\x9a\x0b\xa1\xa1\
\xd8O\xdc]\xc9\x22\xcb\x99\xbdp\xd6\xb8Fb\xf0\xad\
\xc0\xb4Z\xf6s,\x10\xa7\xe7\xab\xe1\xdc\x89\xcc\xeb\x19\
\x84jN\xcab\x7f\xaeE[H_\x10'\xf3\xe6\x86\
\xd9\x89\x0d\xd6\xe9)\x83\xce\xed\xa05x\xb3G}\xeb\
\x0dc\x06?\x8c\xb9\xad\xb1\xb9\x8di\x82\xd9\x8a=c\
\xb1\x91n\xb1L\xb1\xe1\x0f\x9f\xcf\xa0&\xda\x0a\x0a\xaf\
\xad\x0f\x0d\xca\xfc`//t\xecg{\xa3\xfb\xb9\xf1\
\xc9\xae\xed\x95\x1fP>{\x16h\xac&\xb1\xddQZ\
k$\x8db%q\xdc\xfb}#\xcc\x19LfX%\
\x9eq\xf0\xa2n\xd9H\x14\xf5-v\xd9.2\xc3\xaa\
\x85Y\x98\x86\xf8\xb3J\xad\xcf\x8d\x83\xa9;(&\x15\
\xabM\xc3C8\x99\x06]\xda\x8a\xcc\xd4,\xa859\
\xdb;\xd8$\x89]\xcc\x02\xcfp\xef\xd3\x0b\xf1\x19\x9b\
\xd6\x94\x91\xda<kk\x0c9\xc40\xe4\x1b\x81\x9d4\
\xa6\xc04\xf2<\xe2o\xbe\xce\xd7[\x81O\x19\x8d\x8d\
\x8a\x13\x1b\x09\x02\xe3.\x0b'\x92Y\x8d\xb9\xc6=\x14\
n:\x1cb\xfcf>\xf8\xbe\xc2R\x96\x8d\x1a\xb1`\
\xb6}6OXY4\x80X\xa5O\xc6R\xe8\xa9\xe2\
)\xd7\xe6\x8e\xa3\xc9\x0d\x17\xb9\xf2\xa2\x00r\x9fbh\
?\x8d\x07\x0d\xd3\x00Fn4G\x0bE\x85dw\xb5\
\xaaZ\xee\xb3\xb1:\x0bt^\x1c}\x9f\x01\x06\xc8'\
\x1esr\xbaM#2`\xbf8-\xfbV$.\xcb\
B\xd1\xf7\xf8\xd3\x96\x0b#\xdc\x91\x98\x94m\x1c\xbc\x0f\
i[:\xba\x87#D\x91\x11\x8f\x0dnv\xeb\xf4\x84\
\xf7\xca\xbeT4\xfa\x09?!_\xd7KU3\x96F\
\xba8'NZl'\xe5v\xbb\x93\xe8U\x03\xd1\xfb\
\x12\x1b\x03\xf1\xa0\xe7\x11\xf3\x90\x87<\xe4!\x0fy\xc8\
C\x1e\xf2\x90\x87<\xe4!\x0fy\xc8C\x1e\xf2\x90\x87\
0\xcc\x12\xb8\xa6Q{@\xd5Y<1\x95Hm\x95\
3G\xe78%eOz\xb3\xd4\x9c\x98\xa6\x0d\x8e\xd6\
\xdd\x8e\x9a\xcb\xf5\x0b_\xf8\x1e.\x08\xedE\xdb\x1aJ\
\xc1L\x9e\xacM>\x03\xd8\x14\xda\xa6\x95\xb0\xd3\xca\xc0\
\xe6X\x7f\xce\x97|\xc4\xbc\xbdN~\xfe&\xfc:\xb9\
\x7f-\xfe\xed5\xdc\xed\xab\xef\xafY\x92\xef\xbc\x93t\
\xf2\xc2d\x97\xd7\xa3$|\x1bG\xe3Q\x8b\xbf\x8d\xb1\
\xf1\xa8\xbb]Z\xe2m\x8c\xa3\xa7\xeb\xe5\xfbkU\x17\
\xe5\xa8\xd8\xef\xab]}\x9d\x1e\x9e\xff\x1d\x14Yqz\
\x1b\xffN\xf0<\xc9\x8a\xe3\xc9\x97e\xf8\x97e\x98\xf8\
<\x9b\x09\xc3\xb2\xc9\xcf\x16\xa0\x81\xaba\xbf\xbd\x9ev\
A\xfd\xcf\xdf\xccO\xed\xdbx\x8a6\xdf'Y\xf66\
>\x9f\xb2?~\x8f\xfe\x85\xf0\xde\xf5\xd0,1C&\
\xa3\xcb\xcb\xfd\xcb;5\xfb\x01\xf2<\xbba\xd0\x1f\x10\
\xbf\xef\xf7\xfb\x9f\xf4\xa7/W}\x92\xb8\xebO\x89\x1f\
\xfa\xef\xea\xd3\xbb\xfa\xdd\xa3\xbf!P\xd4/\x11\xa8\x1b\
\x02\xf1\x8d\xfa\x8a1*J/Hj\xa4\xfa\x8d\xfc\x15\
\xe0l\xf6\x7f\x06|~\xbe\x03\x12\xd8\xff\x04\x18\x8d\xea\
\x93\x97W\xfb\xe2\x04\xdf\xc6\xa7\xa2\xf6\xea\xdd\x1f\x045\
\xa2\xc9\xd1\xf3\xcb\xbf\xc6\x9fv|y\xbeE\x95\xfc\xf1\
\x7f\x08\xf2Sj\xb1\xafa\x15\xd9g\xfc\x85\xfa\xc9\xe8\
w\x08\xea\xd7\x10\x83K\x1f\xba\x1c?%\xf9\xabnY\
d]T\xe4\xa3\xb2H\xf2\xba\x1a0\xfe\xa4\x89\x11\x8e\
\xe1\xc3\x85&\xff\xc4\xb1\xd9\xdf\x0aa\x12\x0d?\xd5\x05\
]\xfe\x03p\x00\xb5\xc1\
\x00\x00\x08\xf7\
\x00\
\x00 \xa3x\xda\xedZYo\xa3\xca\x12~?\xbf\xc2\
\xca}\x8c\x12\xb3:a\x94\x8c\xd4\xac\x06\x036\xd8\x18\
\xba\xdfX\x1cv\xf0\x82\x8d\xe1\xd7\xdf\xc6N2\x99\x9c\
\x99+\xddw\x97dBW\xd3\xd5U_U}\x8dD\
^\x0e\xa7\xf8\x9f\xd1\xe8\x5c\x16\xd5\xe1\xf5.i\x9a\xed\
\x8f\xf1\xb8m\xdb\xc7\x96~\xac\xf7\xf1\x98\x22\x08b\x8c\
\x9f\xb9\xc3\x0f\xb5i\xd4$\xafw\x143\x0c\x92M\x1a\
'\xcd\xc7\xe8\x94nZ\xbe>\xbf\xde\x11#bD1\
\xa3\xab\xf6--\x8a\xd7\xbb\xaa\xae6\xc3\xe8\xd0\xec\xeb\
|\xf3z\xf7\x1f\xe2\x22\xbfT\x0f\x1f\x86\xbf\xa8\x8a\xb4\
\xda\x84\xfe\xf6\xf5n_\x1f\xab\xe8\xdbDV\xa7\xd5\xaf\
\x99\x8b\xef?Bj\xeb\x7f\x060\x0c.\xee\x97~\x95\
\xbem\x0e\xcd\xdd\xcf\x97r\xd3\xf8\x91\xdf\xf8?_\x86\
\xd9\x1f\x1f3?\x01\x00n\x5cn\xc9\xc0U\xf1-\xd8\
\xf8\xd5\xbaA\x8a\xd1\x85\x8a\x04$\x0bX1V\xeeb\
\xc0\x94\xb4$\xc2^k\xa1\x85\x15<\x0a\x87\xe7\xe00\
)E\xbb\xc8%s<\xd7\xe09\x1b\xf0\x02V\x0a;\
 \xa6Ah\x99dX2\x93\xcb\xba\xd561(H\
\x18\x94V\xa2%Y\xce]T\xea+\xebl\x8ay\x03\
W\x904;\x824E\x15\xff\xc2\xdeT\xd6)t\x9d\
\xc1\x1f\xb1\xa0>}\xdb~\xf8\x06=\xe3\xcf\xbe-\xd9\
$\xa4\xcd\x22\xac\xecm@\xb1\xfd\xb0\x08\xe8\xe7\xc1\xbf\
t\xb8\xb5\x95\xc1\x96\x9d\xc1\x92\xeb\x00\x8f\xe3\x1b\xcc\xce\
j0\xd7\x9a\xb3D]b>\xfa.[\x85\xe5:\xf7\
\xdd\xf51\x12X\xcah/V \xb6\xdf\xfb:\xd7F\
\xc5\xbd.\xf0\xf2r\xe6\xedsb\xda\xf9oD>\x00\
\xd2BJ;\x85;s\x8b\xfd\x9b l?pe\x22\
p\x8b\x06\xbaQ\xa1\xd3&\x85\xba\x86\x09\xdc\xf3\x0e\xdb\
\xef#E>Bj\xad\xd9\xd3\xf8\xb0Q\xc8v^\x16\
[$\xd6\xf4\xdc\xb5z3\x03-J\x89\xcepUJ\
_\xd9\x89\xd9\xc3\x06f\x12\x83\xf1\xc1V,\x02\xf6Q\
\x8e2\xc0\xccEt\xc0~\x1e\xa0w\x8d\xd5W\x8a\xd6\
\x9f\xf2\x09\xd6\x1d#\x89+\x07\xa7\x98\xcf\xbc\xf2\xfc\x15\
;3\x0dh\xf5;v\xab\x0f\xec }\xb5\xa5W\xb0\
\xbbD\xcd'\x99Q\x99\xb5Y\xda\xd3{\xa6\x0e\xe8\xc4\
qu\xa9\xf6\xa8\xfbx\x96\x0d\xf3\xa8\xb8`Y\x97\xd1\
\xe7\xdax\xa7\x95\xd05\x09\xdf\xe5\x8e\xfe;\xa6\x01\xcd\
\x17\xc1\x80i5\xf8'7\xc8\xb3q\x8e\xe6\x89O\x15\
GDk\x05R\x8a\x22\xa8\xec>\xf6\xb5,\xf2\xb4\xc3\
F {\xe4\x9eK\xf5\x92{\xad\x5c\xb8W;\xd03\
{\xe4i\x17\xdba\xc7a\xdf\xf8D/\xbf\xda\xb0\x8e\
Qf\xe6\xbe\x22\xf7\xbe\x1c\xc7\xb5\x09\xd6\xbc\xc0\xad\xfa\
7\xf1`\xaa\xcf\xd9\x13\xa16\xcf36\x99\x10\xcbl\
\xb1Ww1\xa2\x80}\x981\x0a\xb8\xcfQ)g\x91\
R\x9c\x82*\x8e \xc55z)\x1f#%\xe9\xb0\xef\
[\xd8\xb1Y\xa0\xc8$R\x9cc8\xd5NQY\xe4\
\xc8\xb5w\xa1\x22w\xd0%\x8bHYw\xe1Df\xa6\
\x94y\x0a0\x8e8\x96:,\xb9\xd6w\x0d\x1c\xbb\xb6\
E8N\xdd\xc5s%\xc2\xf5\xb1\x1er_E.\xbb\
\x0fJ\x8e\x0e\xca&G\x9e\x99\x85e\xd1^\xf7OJ\
\x8b:'\x91k\x17\xea\x94\xc7\xfb_\xd6\xe4\xea\xd4\xae\
}\xcf\x88QY\x1c\xd0\x92O\x22\x81'|\xc5\x89q\
\xbe\xcf\x91\xbb\xee\xf1\xf8\x84R>Q\xa7k\x8c\x91\x1a\
C\x97\xcdU\x85L6K\xbe\x86\x1e*T\xc5\xec\x10\
\xaeI\xe4Z1\xae\x818p9\x5c\xe3\xd86\x1e\xe3\
8\xf1<\xda\x06\xd8\x1e\x8e\x1d\xc7\x8dkh\x8a}\xf7\
\xcc\x13\xaal\x1azZa\xe1:\x0e\xaae\x82\x14\x1c\
\x9f\xbb\xfe\xf4\x11\xe7\xf3\x10H\x1f\xd8\x99ZP\x9a\x87\
A\x8f\x16C\xff\x8a\xea/\x9e\xe0\xaf<1\xf4I\xfc\
\x8d'l\xf3=\x97I\x12R\xf1\x11)2q\xe1\x99\
\x8f\xbe\x03.]\x84B\xec,&\x02\xfd\xbcp\xe1\xd3\
&m\x9d\xc1\xbe\x00\xae}\xb7\xce\xa0{\xae\x10\xaeU\
\xb8\xc2\x1cR\x9a-tm\x03|\x13\xa4\x0c\xf6\x13\xa8\
.&\xe4<I\x13\xd7\xcb\xa8(W!\xac\xe7\xec^\
q\xb9\xcdi\xe3.\x93\xc9\xf3\xca\x22W\xe8\xc8\xb4\x80\
=\xaa\xef\xf1\x1e/q\x94\x10\xe3&c\x8e@EH\
\xdb;\xe4%Y\x80\xf1\xbe\xd4#\xa3\xa48\x8f\x04\xc6\
\x8aP,I@\xe5\x19\xd7|D\xf8|\xbe\xe1\x87\xcd\
3\xf6\x93\x874\xea\xcaC\x06\xc6\xea;\x0f\x81\xf7\x9e\
\x81\x18_\xdf%p=_\xb8O\x10\xa9\xa1wg\x05\
\xa4\xe4\x03\xa2\x10\xeew\xa93Wh\x1bRE\x15\x94\
2\x81\xfb\xa6\xd8H\xdf\xfaf\xf9\xde#\xf4\xba\x0b\xb2\
\xed\xe5~^J=\xca\xac\x1e\x96\xa8\xd0]\xc8\xa2\x12\
6\xa6(\x11\xf3%\x99\x98\x99C\xeb+\x8702\x87\
0{\x03\xd7\x8a\x96\xa0\x0f\x1b\x15\xe66\x8aM\xa2\xe9\
\x1a\xd7\xd1v\x8bsM\xe0\x1a\xcb\x90SH\x1b\xe1\xcc\
\x04\x1e\x98\xf8n\x91\xcf3\xe3\x8c\xb2\x1c\xdb\x87\x9d\xbe\
\x8a\xcfs\x114\xa6\xa2\xb6\xe6\x92``\x96d\xfaJ\
j\xe7.\xfe\xad\xcc\x1c)\xb0\x9d{\x1a\xae\xfdu\x82\
k.\xf7(\xb9\x0f\xa9uw\xad\xa5\xb9X\x97\xc3\xf9\
qft\xcf,\x02\x05f\xef9\xe0\xfe\xc4\xf5\xfa\xdf\
\xf8\x9b\xb2q\xfd\x9b\xb5+\x081\xc1;\x92N.\xcc\
\xe7yKd\xdd\xe2d\xa5t\xbb/\xa7{{f\xdc\
\x1f\xd2\x1d_A^i\xf71\x14'\x1f<\xb4\xfd?\
x\xe8\xa3\x07\x0c\x9c3\xed\x93\x83\x8a\xe3n:)I\
R\xa4\x941?\xd3\xbbmp\x14z\x921v\xedA\
\xd4\x0e\xf9j\xc9\xe2\x92\x99\x84E\xbc\xe9R8\xe4i\
\x1a\xe3\x9c\xae\x0f(5/\xf5\x822\xf2\xc3\xfe\x17l\
\x8c\xd3;\x06\x97\xd8\xf4\xd2\xc6\xf8\xc9\x9f{6Vz\
\x08\xf4\x1dX\xe9\xe7\x95\x06H\xfb\xac\xae\xd4\xaa\xee\x96\
99\x119_e\x9f=G\x89\xe9\x15-\xe56q\
\xad3\xf2\x0dQ\xeb#\x8e\x09\xdb\xe1:o\xe0\xe5\xf2\
>{\xaf\xfd\x93\xe5\xb2\x84\x8fy/T\x8aL\x95\x06\
\x9e\xc0\x1cC\xe3\x1e\xc05\x81\xb1/\x8c%\xd3\xea\x19\
\xbf\x0f1\xcfC\xf2\x8b>e\x08}8(x\xc0|\
\xf2\x80\x90|\xbc/da\xfb\xaf\xf7\x85\x7f\xd7\xda\xe5\
}\x03\xa8\x97>of\x92k\xa9\xcb:\x96JE\x90\
\x11\x88\xeb6\x8eU\xc5PU>\xf3\x81\x08bI\x00\
\x89\x0dX\x1f\xcc\x9e\x0e*K\xe8\x13&\x1e\xd7\x8a\x15\
;\x1c\x22\x9d\x15~b\xc6\xc7\xf1.\xc9\xb3\xf9\xc2\xb2\
D\xd0\xf3\x9aa\x87\xadlAqmY3\xa9e\xf9\
/\xdc}Pe^\xb0z\xe9h\x08\xad\x02HG\x02\
g\xa3\xf8\x1d\x0b\xcc\xe9\x95=\x9c;\xb1u9\x83p\
\xcd)E\x12L\x8d\xd8)\xb9\x13\xe6d\xd1Z\x81\x8d\
\xdc\x12\x1d>\xd7\x19C\x0cq?\xe03~\x85\xfcA\
\x87{\x03\xeb\xe0y\xbe\xba\xea\x0c\xc9:\xcb=>\xb3\
bs\xcd\x83z%\xe6_\xcf\xa06v$M4\x96\
y\x8b3?\xf8+J\x1d\xff\xd5\xdf\xf8\xf3\xdc\xf8\xe2\
\x97s\xe1\x07\x9c\xcf\x9eG\x06o(|\xb7S\x96\x06\
\xc3a\xac\x14Ax\xbfo\xa5) T\xc0k\xc9D\
(O\xba\xc3\xc7\xb2l:\xc4\xc9\x99\x15\xf3u#M\
\xa2,\x22\x9ftvyl=B\xdf\x94rz\xe0\x0d\
:\xca\xa31\x1dv\xd9Y\x06\xb4U\xb3Kf\xf2\xe6\
\x11\xe34\x81\xc4\x1a=\x95o\x017\x93\x9f\x08\xbaa\
\xe7\x99+\xf2\xae\x01\x98\x01\xc3Hl%~\xdcZ\x12\
h\xd5i,^c\x9d.\x1dI\xcc\x80\xc1\xc7\xf5\x9e\
\x8f%\x09\xc0E\xed\xc5*o\x80\x0b\xee\x91t]#\
`Bo\xa7C\xec6\x91\xf1|\xdc\xca5p\xfab\
\x9a\xf2\xaa<G\xf2!\xbb\x9f/\xa4\x9e\xad\xef+c\
\xeay\x86\xda\x0a1Tg5R\xfb\x8c\xc0\xfb\x19\x22\
j\xf1\xbb\x15P[\xc33\x22Yc\xf8M\xa3\xebk\
\xf84\xb7\x8f\x12W\xd5\xbb \x00h\x8e\xaa\xb1\x0f\xf6\
^\xb7je\x80\xdef\xfbE\x7f\x96\xa9\xd3\xa2\xd6\xcc\
7\xf2\xde\x11\xa2\x98\xf4\x14\x90\xf1\xadG\xf6\x11\xe7*\
;\x98\xefJ\x8c\x8c\xbckI\xab[f{\xb2\xd7\xde\
\xb6\x9a\xc1\xdd\x93{\x1c\xebr\xa1\x1b\xf3\xc5<\x9b\x1d\
S/\xab\x9d\xf1\xd6q6\x0ag\xb7%~_\xe2\x13\
$\xe7f\x15\x83\x9b\xdc\xe4&7\xb9\xc9Mnr\x93\
\x9b\xdc\xe4&7\xb9\xc9Mnr\x93\x9b\xdc\x04\x80\x05\
\x82\x96\xc2\xf25\xda\xf3\xf6\xb1zR\x02\xb5\xdd\x11\xa4\
r\xee\xbd\xe7f\xc2\xcd\x92\xae#\x17a\x88\x0c0F\
\xe3\x22\xa8\xc9'\xd8%o\xc6\x8c\xa3\x9c\x9d\x9en\xac\
\x98!e\xb4\x89\xcfI\xfa\xac\xcd6z_/K\xa1\
\x1c\x83\xc5qux}\x19\xff\xfeM\xf8e\xfc\xf9\xb5\
\xf8\x9f\xd1\xe8e\xeb7\xc9(z\xbd3\xb8\xc7\xc9\x13\
9b\x1eIz\xe2S\x8f43\xba\x5c\x86o\xde\x83\
v\xc2r\xc3\xd7\xef\xdf\xf4\xc4\x88~\xa4InD>\
r$;\xfa\xbe\x06\xdf\xd2x!\x81\xaf\xdf\x97\x0d\x0b\
\x9fi\xf2\xfb\x92\x87\xbf/y\xf8\x1f;=\xfc\xc5\xbb\
a\x0d\xf5\xf0\xe7%\xc3N\x0f\x7fq\xee\xe1\xe2\x1c\xf8\
\x1e\xcf\xe4\x91f\xf1\x85`I\xff\x8f0\x5cw\xba\x1b\
\x8d/\xb0\x86\xe9>,6\xa3\xf0\xfczGRw\xa3\
\xb0\xbb\xfe\xdd\xbf\xde\xd1\x97G^\x86\x7f<\xf8\xf9\xcf\
\x7f\x01\x00\x92<\xcd\
\x00\x00\x01\x85\
<\
svg xmlns=\x22http:\
//www.w3.org/200\
0/svg\x22 width=\x2224\
\x22 height=\x2224\x22 vi\
ewBox=\x220 0 24 24\
\x22 fill=\x22none\x22 st\
roke=\x22currentCol\
or\x22 stroke-width\
=\x222\x22 stroke-line\
cap=\x22round\x22 stro\
ke-linejoin=\x22rou\
nd\x22 class=\x22lucid\
e lucide-trash p\
review-icon\x22><pa\
th d=\x22M10 11v6\x22/\
><path d=\x22M14 11\
v6\x22/><path d=\x22M1\
9 6v14a2 2 0 0 1\
-2 2H7a2 2 0 0 1\
-2-2V6\x22/><path d\
=\x22M3 6h18\x22/><pat\
h d=\x22M8 6V4a2 2 \
0 0 1 2-2h4a2 2 \
0 0 1 2 2v2\x22/></\
svg>\
\x00\x00\x08\xfc\
\x00\
\x00 Nx\xda\xedZIs\xab\xb8\x16\xde\xf7\xafp\
\xf9n\xde\xabT\xb7\x01OqWr\xab\xc4h0`\
\x03f\xd2\x8e\xc9\xcc\xe0\x01\x9b\xe1\xd7\xb7\xc0q^n\
\xba{\xf1\xf6>Y\x18\x1dI\x9f\xce\xf8\x89*\xf2v\
\xb9\x85\xa3&\xcf\x8a\xcb\xfb8\xaa\xaa\xe3\x9f\x93I]\
\xd7\x7f\xd4\xd3?\xcas8!0\x0c\x9b\xa0\x15\xe3Q\
\x1d\xfbU\xf4>\xc6\x89\xd7\xf1(\x0a\xe20\xaa>\x06\
\xb78\xa8\xc9\xb2y\x1fc#l\x844\xa3A; \
\xfe\xe9\x11G\xe7\x13\xb6\x1f\x0c\xa0\xb9S\xc4\x87\xe0R\
\x8d\x7f\xbe\xe5A\xe5\xf8N\xe5\xfc|\xebg\xff|\xcc\
\xfc\x04\x00\x98a~\xc4]\x93G\x8f p\x0a\xa3\x82\
\x9c\xd4z\x1c\x03\x18\x05(!R\x9eB0\xcb\xa7\x0c\
mwBm+HAB\xaf_g\xf7\x93\x8c\x7f\xf2\
M<Es\x15\x9aS\x01I!%u\x02t\xecz\
\x8a\x8c{\xf9l1\xec\xdb\x97\x84M\xe8\xb8\xd4)\x8d\
L\xe1\x91\xcc\x19\xb1\xb8WZ\x99\x06\xd5\x96\x86\x99\x14\
\xe3\xd1\x96\x93j\xc9T3\x88\xc6[\xb3?\x08\xd0\x19\
\xf1i\xdb\xf1a\x9bmI\xffl\x9b6\x8f\xbc\xa9\x9c\
y\x85zt\x89y\xd7o\x02b\xd3\xdb\x17\xf7\x8f*\
\xd7c\xa9\x89\x9d\xafZ@\x22\xffz\xd8M\x09\xb6B\
\xd50\xc4\xe0\xf3\xd51\xe7\x85\x97\x1b\xa9c\x1aW\x9f\
\x9a\x13R=\xa0\xd8\x08\xbfs\x80Su\x13\xdf\x935\
\xee\xfa*\xd0k-S\xe4]\x80\xf5\x01\xa9mB\xb8\
y'\xf9\x88\xec[@\x84\xef\x9a,\xe6\x9aYe\x9b\
~&Ne\x02\xb6\xd5\xcc5\x9b\x13\xc2\xef|\x8e\xbd\
\xda\x84!\xa8\xeb\xf0\x12px\xbd\xcd\xb3#\xa4\xcbV\
\xa2\xd9D\xceu\xdc\x8e\xb1\x0e\xee\xb3H\xdc\xab)L\
\x98\xcaN\x98\xce\xd6\xb0N\xda\xab\x91D\x08\x99m\xda\
sy\xef_\x90\x9d\x17\xdb\xba\xfb\xeapY\xed\xac\xc9\
\x08\xe9\xae>\xb3\xca{\xa3f\x9fy%\xc9{\xec\xe4\
\xd8\x9d\xf2\xdfc\xb7\x7f\xc4\xce\x9e\xde\xb1\xc4\xc2n\x07\
\xaf\xc9(\x91\x0a\xb9\xa4\x93\x8d\x03m]\x91*\xcc_\
c~z\xb2\x0eu\xd7\x03\xc0l\x88e\x99\xfb\x9f{\
\xc3\x93\x90\xdb\xa6\x8c9\xe6\xea\xea|\xc4\xd4\x9d\x92\x99\
\xdb\xc7\xb4\xe8\xedc+h\xa9(G\xdb\xc8!\xb2+\
\x9c\x0a\x19\xe4\xb2\xcc-\xd4.t\x84\xc4\xb7\x84K@\
\xe1\x1d4\x9b\x9c\x1fr/\xe4;\xf3\x8ec[r\x07\
-a\xc0\xf6\xda\x15\xb2\x8d\x8c\xc4\xfc+\x86r\xf5\x13\
9u8\xb6s\xd80,9iBdi=\x97V\
\xe6\x8224k\xbf\xab9n\x8b\xd9Gp\xe6\x96\xcb\
\x17=\xdb\xe8\xd4\xb9\x994\xbbk\x0as6\xf1\xb9\xec\
\xe6\x16\xa1o\x13\xabJ\xcc\xd9\xab\xcfE-\xb2\xfdh\
\xb7\xf3\xc4\xe5X\x1cr\xfa\xd5[\x0b7?\xcfRh\
\xaa'\x8fc[\xdb\xc43\x9f3Zo\xc1\xce\xd6\x84\
|sQ\x1c\x91/\xa5\x97\xafj\xc7\x94\x90\xef\xc2\x11\
\x22?E\x13\xcd\xe5\x10\xd5\x87\xd1\xe7\xbe\xf0\xcd\xf9\xd9\
\xcdWS7\xafRh\xc9\x89\x97g\xf5\xfd\xfc(W\
\x88&\xf2Q\x1f\xf0k\x12\x9d?\xecI\xf9\xb5Z:\
\x96\x14\xc2<\xbb@\x8d\x8c|\x8a\xc4\x1cN\x0fQ\xbe\
\x1b\xdf4:4\xbe\xc1\x98\x8c\xf8\xb5\x81b\xc4\x87\xb6\
9Oy\x0e\x8f\x02\x8d,m\x0bf<'\xb7\x10\xd5\
$4\x95\x10\xd5@\xe8\x9a+T\xe3\x08\x1b\x8d\x91\x9f\
h\x1e\x1e]\x84\x87|G~\xa3\x1aZ#\xdb-\xf9\
\x06\x0buj[B\xa6\xa0:v\x0b-\x82\x1c\xf2\xcf\
4>mD\xf9\xbc\xb8\xcc#v\xb2\xe0\xe6\xf2\xa5\xd7\
\xc3\x9d\xde\xb7/\xff?\x9e \xef<\xd1\xf7I\xf8\x8d\
'T\xf9#\x97Q\xe4\x11\xe1\x15r,6\xf0\xcc\xa3\
\xefd\xa6P\x91\x91\x07Do\xf1\xf1%UVS\xbd\
\xa9\xfb\x05\x14\xb8\xf7\x9d\x91\xd8fS@T\xab\xf6\x9e\
\xc7\xe5\x5c\xaemS\x95\xc1w\xe1T\x14\x0b\xb94)\
\xa0\x09P8ji\xc8kSmQn\x96]\xbb3\
vP\x84\x5c\xbaM\xbat\x7f\xc4V\xbbb\xaa\xa8\x0a\
\xcb\xe7\xea\xb5\xcf\xb1\x9b\xdfk\xb1\x8f\xa9\x9bg9\xca\
\x19\xe6\xe4\xc6\xcc&\x1a\xdc#z\xdf\xb7d\x99\x1b}\
o\xb7>\x19\x9b0o\xd0\x1e\x1fs\xc84 \xfb\xb3\
\x93\xf9'\x0f\x09\xc4\x9d\x87$\x14\xab\xef<\x04>z\
\x06\xe1F\x8e\x89\xa1z\x1e\xb8\x8f\xa2\x89\xbew7\x99\
M\xb0\x17H@\xd4\xefL+\xef\xe1\x11\x9d]\xb89\
\x8b\xa1\xbe\xc9\x02\xe6[\xdfh\x1f=25Z79\
\x0e\xcf\xdb\x04&p\xafw2\xcd`\xa2\xc9\xa0z\xe0\
+\x99\xe61\x89\xc2f\x88{Z\xa4\x9b\xd9\x1dh\xfa\
\x9aC\xe39\xa4>0\x0a\xc4m\xc4<\xf2\xd7\x06\xaa\
\xa3\xe3\x11\xe5\x1aC5\x96@=c\x02\xaa\x99\xb9\x16\
X8f\x86\xc2\x17\xe5\xa8\xce2)!\xf3\x81\xbf\xf6\
i%#[\xa5\x16\x8f!\x1d\xd6\xe2\x1eq<\xed\xe1\
\xb6\xc9\x13\x90\x96:\xc9\x12P\xed\x1b\x11\xaa\xb9\xd4\x22\
\xd8\xce#\x8c\xf6^K[\xba\xcc\xfb\xfb\xa3\x99\x89\x96\
\x9c\xb9\x9c\x9d\x0c\xb5\x94\xdb\xab\x7f\xe2z\xf1\xdf\xf8\x9b\
x\xe4\x9c\x0a\xedn\xe2\x98{:\xedp\xb7\x14\x0c\xc1\
\x97&\xa8\xbe\x96j\x9cR\x17\xf7v\x9bk\xfaQ\xd9\
\xdc\xd6\x13\xe6e\xf1\xe0\xa1\xe3\xff\xc1C\x8f\x1e\x90P\
\xce\x84O\x0e\x02\xccvr\xc0\xe5y\x88Sy\xa7O\
\x15\xe6B3\x99\xbb\xdc\xe1)~\xd3kE\xb8mI\
\x994\xcf\x13\x22\xde\xc4v\x9f\xa7u\x88rj\x5c`\
,\x0f\xf5\x02\x13\xfc\x81\xff%6\xd2\xed#\x06\x83o\
b\xae\xa2\xf8\xb1\x9fgj\xb5\xc8\xedK\xbc\x22\x15\xa0\
cl\xac\xf2\x11{X\xa7\x87\xc2\xbf\xb04\x0b,\xbe\
U\x0b\x06Ko+!A9\x1c\xea\x0c?@\xc2\xb8\
\x22\x9f\x10\xce\xaa\xb5z^\xce_\x92\x8f^\xbf)\xe6\
\x1cs\x10\xefy\x5c\x96\xf0L\xcf\x13\x88c\xa6\x10\xc5\
^\xeec\x9fI\xda\xac\x16\x13\xf2\xec!\x9e\xb7\xf1/\
\xfax\x86\x89I\x7f\x8f\x80\xd9'\x0fP\xd1\xe3}!\
\xf1\xea\xbf\xbd/\xfc\xbd\xd6\x86\xf7\x0d\xc0\x0f}^m\
\x18S\xe1\xb52dr\x8eb!\x08\xcb:\x0cyN\
\xe2y2q\x00\x0dB\x86\x02\x91\x0a\xe6\x0e\xd8,/\
\xfc\x1c\x13\x17\xb3pRrJ\xa8\xaf \xae\xef\xd1\x8a\
\x0d\x19\x86\xa7(M\xb6;E\xa1AG\x0a\x92\xea\xd5\
\xacb\xd3\x86\xa2l\x98zN~\xe1\xee\x0b\xcf\x92\x94\
\xd21W\x89\xaa9\x80\xeb\x0ch\xa4\xec\xd7X N\
/\xd4\xfe\xde\x09\x95\xe1\x0eB5\xc7e\x91\xbb\x96B\
=_\xdd\x10'\xd3\xca\x1e\x04l\x8d\xb5r\x02f\xa8\
\xee\x9b-\xadt\xa8o\x9d^\xb7\xa5{\x9d\xddl\xf7\
w\x9d\xc4(\x0d\xdb\x01\x83\x0ce\x83\x04%\xaa\xd4\xaf\
wP\x1d\xea\x8c@KZZ\xa3\xcc\xf7\xf6\xd2LK\
~\xb57\xfc\xbc7\xbe\xd8\xa5\x0f\xfc\x80\xf2\xd9\x91P\
\x22%\x8elO\x9c&\xcdV(V\x1cE}<\xd7\
\xcc\x1a`< \x85hA\xe57Q'C\x96\x95u\
\xec\xa6o\xb2\xadQ1\x0b?\xf1\xf1\xa58\xd7\xae\xb5\
\x85\x89A\xce\xc6\x17R\x9a\xfa\xa9?\x99zm\xd2\xb0\
`\xaa\x94sm\xb68X\xd8$\x8el\xcc\x80\xcb\xfc\
\xe0\xae6\xec\x12\x9bV\xf3mb\xd2\xa4)\x81Y\x1f\
C\x9f\xae\x19rR+\x0c\xa8\xf9uH\xdf}]k\
:C'@\x22\xc3\xf2L\x86\x0c\x03\xec]i\x85<\
)\x81!\xee>s\xdfCI\x00\xd4\xeb\xdew\x15K\
H2\xac\xd9\x12\xe8]\xb6\x8eI\x9e\xddB\xf6\x92\xbc\
lwL7/_\x0aimY\x12_\xa3\x8e\xe77\
%\xe4\xbb\x04C\xe7I4\xacA\x0d\x01_K\x96\xe4\
\xb3\xc2\x8c\x0c*Q4\xec\xe5V\xbd2\xab\xa2<\xb9\
.\x80[XL\x1cp\xb6\xda}\xcd\x02x\xd8\x9cw\
]\xc3\x12\xb7])\xc8\x07\xfcE\xa7\xfc\x10\xb78\x90\
\x90\xb5\x85w\xfe\xca\xe4Nvz\xcaQd\xd8S\x8d\
+\xad\x96\x9c\xf1N8\x1c\x05i\xf5\x82\x9f\x91\xaf\xda\
N\x94\xb6\xbbm\xb2\xb9\xc6VR\xea\x93\xa3\xae\x07\xdc\
J\xads\xf4\xbeDF\x90M\xe5\x22\x04Oy\xcaS\
\x9e\xf2\x94\xa7<\xe5)Oy\xcaS\x9e\xf2\x94\xa7<\
\xe5)Oy\x0a\x00;h+\xdb\x17\x9c\x8dE \xb4\
\xdaD5\xa7\xca\xd9\xbd\xae$r\xa7_mWiy\
\xa6\x9c,c\x90Z\x22\xde\x06\x97\xd7\xa5Y\xcc\x95\xc0\
8\xcd4\x8a]\x8a'\xba\xc9;l\xa5\x06\xfb\xce\xbe\
9\x8dq\xe4M>\x99\xe1uyZ\xa6\xde\xfb\xdb\xe4\
\xd7o\xc2o\x93\xcf\xaf\xc5\xbf\xbd\xf9\xc1\xe1\xf2\xf3-\
\x8b\x8b\xc09sg\xc7\x8f\x83\xa2\x1a\xc5\xfe\xfb8\x1c\
\x8f\x1a\xfc}\x8c\x8dG\xed\xfd\xa7!\xde\xc78\x1a\x0d\
??\xdf.Uy\x1c\x95\x87\xc3%\xa8\x86\xe9~\xfc\
\xbbWf\xe5\xf9}\xfcc\x0a\xfa\xbf\xf1\xe4\xdb2\xfc\
\xdb2|\x90~\xd9\xe4W\x0b\x90b0\xec\xb7\xb7s\
\xe0U\xff\xfe\xcd\xfc\xdc\xbc\x8f\xa7\xe8\xf0C\x9ce\xef\
\xe3\xeb9\xfb\xcf\x8f\xf0\xbf\x08\xefc\xdf\xc7l\xfb>\
&\x16\x9f_\xde\x17_@\x96\x8b;\xc6\xea\x01\xf1\xe3\
p8\x0c\xfb\x8fN\x15\x8dP\x18\xa496z\x9d\x19\
\xb3EF\xbc\x8e\xa6\xaf\xe8\xa1\xf7\xe1\x5c\xa6\xc1\xdd\xfe\
\xc7\xe8\xf7\x0f\xf4\xd7\x07RQ\x16\xc1\xe7d\xef\x9d\xe7\
\x1c\xdf\xc7\xe7\xf2Z\xf8\xbf\xa8\x932.\x1e\xfa\xfe\xe0\
\xfe\xbf\x04~\xfe\xf6\x17\xd4\xfeO\x09\
\x00\x00\x02\x0d\
<\
svg xmlns=\x22http:\
//www.w3.org/200\
0/svg\x22 height=\x222\
4px\x22 viewBox=\x220 \
-960 960 960\x22 wi\
dth=\x2224px\x22 fill=\
\x22#DA954B\x22><path \
d=\x22m390-80-68-12\
0H190l-90-160 68\
-120-68-120 90-1\
60h132l68-120h18\
0l68 120h132l90 \
160-68 120 68 12\
0-90 160H638L570\
-80H390Zm248-440\
h86l44-80-44-80h\
-86l-45 80 45 80\
ZM438-400h84l45-\
80-45-80h-84l-45\
 80 45 80Zm0-240\
h84l46-81-45-79h\
-86l-45 79 46 81\
ZM237-520h85l45-\
80-45-80h-85l-45\
 80 45 80Zm0 240\
h85l45-80-45-80h\
-86l-44 80 45 80\
Zm200 120h86l45-\
79-46-81h-84l-46\
 81 45 79Zm201-1\
20h85l45-80-45-8\
0h-85l-45 80 45 \
80Z\x22/></svg>\
\x00\x00\x09\x15\
\x00\
\x00 \x91x\xda\xedZY\x93\xaaH\x16~\xbf\xbf\xa2\
\xc2~\x99\x89\x8an\x01\xc1\xbavT\xdd\x88L6A\
\x01Ae\xc976Y$\xc1\x05\x05\xf9\xf5\x93`U\
u\xf5\xed\xee\x99\x98w\xcf\x8bd\xe6\xc9/\xcf\xfa%\
\x11\xf8z\xbe&O-.\xca\xf3\xdb(\xad\xeb\xc3\xef\
\xe3q\xd34\xbf5\x93\xdf\xaaS2f(\x8a\x1a\x13\
\x8d\xd1S\x93Eu\xfa6\xa2\x99\xef\xa3\xa74\xce\x92\
\xb4~\x1f\x5c\xb3\xb8\x81U\xfb6\xa2\x9e\xa8'2\xf3\
4\xcc\x0e\x88\xbf\x87\xcc\xc1\xff\x84\xed\x07\x03(\xf6\xcb\
l\x17\x9f\xeb\xd1\x8fW\x1c\xd7~\xe4\xd7\xfe\x8f\xd7~\
\xf5\xf7\x8f\x95\x1f\x00\x00'\xc1\x07:p\x14\xf2\x08b\
\xbf\xb4k$k\xb7P\x16\x81h\x023!\x93\xc7\x04\
\xb0x\x22\x0a^\xa76\x9eI& \x0a{=\xaf_\
\x14\xa3c\xe4\xd0{\xb2V\x935\x0b@\x9eL\xf2G\
 dAh\xeat\x88\xd9\xe9\xb0os\xc0\x86\xac\xef\
\xb5Nk\x11Ou\x9a\xa0\xa6\xcb\x8d\xc9\x18\x9b\xa46\
6\x1a\xed\xdd(J\xcf\xcdF\xef`\x8ed\x85F\x82\
\xd8\xdb#\x14\xcc\xa7m\x87\x0f\xdb<W\xfb{\xdb\xd6\
\x5c\x1aN\xf4\x22,\xadC\xc0p]\xbf\x09,\xdb\xde\
\xbe\xac\x7f\xb4\xe4\x1e\xcb\xca=<\xbb\x01H\xfc\xeba\
\x17\x150\xd4\xba\x15\x99\xc1\xe7\x8b\xefpe\x88\xed\xbd\
\xef\xd8\x97\x88\xe7\x18\xad\x19P<\x82\xdf\xf9\xaa\xe9\xad\
\x0f\xcf\xa5\xb6\x1e\x97\xe3\x95\xec7n3\xf6\x0e\xbd\x02\
l<F\xbd\x86G\xfd@\xec\x9b\x22\x82\x1f8\x12\x15\
8E\xed9Q\xb1\x9c\xe8\x0c\xba\xd5l\xe0\xb4G\x82\
\xdfE\xb2t\xf1\x18[\xb5\xe6\xc99\x96\xe9\xc6\xc0\xc5\
\x01\x09\xd5\x04\xe5Q\xae9\x1a\xab\xaf\xe9\xdc\x10\xb67\
\x12\x1f\xd6\xeb\xc4\xda\xcb\x15\xcaX\xd3{-OZM\
\xd6\x18\xc3\xf1\xc8<<\x13;\xcf\x9e{\xf7\xd5\x97\x8b\
\xc6\x9f\xc3\x94\xcc]\x22q\x86{\xa3\xd8\xcf\xbcBx\
\x8f\x9d\x9e\x05\x13\xe5\xe7\xd8m>b\xe7M\xeeX\xcb\
\xd2\xbb\x0d^\xc34\xd7J\xbd\xca\xb1\x1f\x95Gk\x8f\
\x04\x07\x16{\x9e\x0b\xf4=\xda\xf4n\xa3b\x88e\x85\
\xa3\xcf\xbd\xc9Q\xc5\x9e\xa3S\xbe3\xbb\xf8\xef1\x0d\
&\xb0\x08\xfa\x98\x96\xbd}R\x8d\x5c\x8b\xe4\xc8H}\
\xa6\xb8\xa0\x89Z \xb9(\x82\xd2\xea\x12_\xcd#W\
=\xc7<\xdd!\xa7\xc5\xca\x90{\x15\xaf\x9c;\x8e\xe7\
\xea\x1dr\xd5\x01;\xbc\xcd\x88m0]\xe2\xaf\x18\xe6\
%\xca\xf5\xbd/K\x9d/%\x09\xf0\xb8\xb2\x22\xf1M\
\x97\x17u|\xddsiM\xe3ry\xca<\x10\xe6\xf5\
\xdcm\xc7\xd4V\xad\xdc\x90z\xb9\x19{\x84\xa5<\x92\
\x8bkP&\x91\xc7\xcc\xea%\x96.\x91\x9c\xde\x88\xed\
\x07\xef\xc6\xe5\x81,\xd1H\xde^\xc2\xb9z\x8dp\xb1\
G\x8eu\x0ce\xe9\xe69t\x11\xc9\xf6-\x9cJ\xec\
\x9c\xd1\xaf\x01\x89#\xf1\xa5\x0a\xf1\xac\xf1\x1d\x8d\xf8\xae\
\x1e\x10\xf1s\xe9\x905\x8cH}\xd8}\xee\xcb\xc8\xe1\
N\x01\x9eM\x02\x5c\xef\x91\xab\xe7!.\x9a\xfb\xf9)\
6\x996\x8d\x1c\xabP\xe6\x90\x9c?\xec\xd9+s\xab\
\xf2]-A\xb88\xa35L#\x1eR\xbe\xbcMH\
\xbe\xdb\xc8\xb1;2\xbe\xa2\x0c\xa6\xca\xdc&1R\x12\
\xcf\xe1\xf6\x8aL\xa7\xf1\x1aV\x9e\x8b\x0aE\xd6o\x88\
\xd4$r\xcc\x84\xd4@\x1283R\xe3\x04\x9b\x8c\x89\
\x9fd\x1d\x1d\x02\x82G|'~\x93\x1a\x9a\x13\xdb]\
\xfd\x8aJk\xe2\xb9ja\x92:\x0e\xcau\x8ad\xe2\
\x9fc\x7f\xdaH\xf2y\x0e\xc4\x8f\xd8\xe9j\x80\xf5s\
?\x8fV\xdb\xbe}\x95?x\x02\xdey\xa2\xef\x93\xe4\
'\x9e\xb0\xf4\xf7\x5c\xa6i\xc8$\x17$K\xd4\xc03\
\x1f}'L7\x9a85R\x98\xc5gV\x97\xd6g\
\xdbl/\xbd\x02\x0f\xee}g\xe7\x9e\xd3\x96\x88\xd4\xaa\
\xb7Qh\x1d\xeb\x8d\xe7X:\xf8Yd\x8b\xc4B\xaf\
\x1c\x1eJu\x85UI\xd0\xc2\x17\xcd\x16Yg\x97\xad\
\xb3\xfa,.&nl^V\x9d\xdd\xc6\xbc#\x9e\x1b\
uW[\xb2u\xe9s\x1c\xe0{-\xf61\x0dp\x81\
I\xce(\x1f\xdb\xac\xc7\xb4t\xc8\xf4\xbe\x1b\xb0\xc2v\
\xdf\xdb\xb7\x08f\x0e\xc2-\xd9\x13Q>\xdc\xc7\xb0?\
;\xe7>yHe\xee<\xa4\x91X\xfd\xccC\xe0\xbd\
g\x08n\xea;\x14\xa9\xe7\x81\xfbx\x81\xe9{wQ\
x\x8ctF\x0c\x22\xfd.\xde\xf4\x0d:\x90\xb3\xcb\x00\
K\x14\xe9\x9b\x22\x16\x7f\xea\x9b\xf5{\x8fL\xec[\x90\
\x1f\x86g\x03\x13\xee`\xccN\xeb\xa4\xfdr\xa35\x1a\
\x16k]\xf08\x83\xa78\xad\xb3\xf3\x9e\x93u\x01L\
4\xc2\xd5^n\xef\xb5\x0f\x8c\x92p\x1b\xc3\xa5\xd1\xdc\
&ut8\x90\x5cS\xa4\xc6r\xb4-\xc4\x98o\xd9\
\xc0\x05S\xdf)\xf6\x06F\xb9\x96\xdb\x99\x96\xab\xfb\xa5\
c2\x1e\xde\x12|\xad\xd13\x8aE\x1b\xb3Yn\x12\
\xca\xdb\x90[\xc0QX\x0f\xdb\xb9^\xaa\xa4\xf6\xed\x94\
\xd4\xdc\xdee\xa4.d\xec\xdb\xbd\x96\x0c\xa1\xc2\xfd\xfd\
\xd1\xb2KW/\x02\xd9\xcb\x87Z\xc2\xde\xec\xef\xb8~\
\xf9O\xfc\xcd|\xe4\x1c\xc0\x1c\xc7I\xe0\xf2\xe2\x85-\
\x9f\x9f7X\x9e8~x\xb9\xa8\x09\xbc\x19T\xb4\x9b\
\x8f-\x13\xa7Q\xb7\xb9*\xd3\x0f\x1e:\xfc\x1f<\xf4\
\xd1\x03\x1a\xc9\x99\xfa\xc9A\x9b\x89g\xcc\xdc\xf8\xc8%\
\x07^}\x9e\xc5H\xac\xd3\xcb&\x19\x1f\xa0\xaa\xb5u\
:\xff\xee\x15\xbeS\xc3 \xd8]2\xaf\xcf\xd3<!\
9\xb5\xcf(\xd3\x87zA9\xfd\x81\xff%6\xda\xf5\
=\x06\x83oKl\x91\xf8I\x9fg\xfab:o\x98\
E\xb0r\xcf\x01\x97_\xb8\xa8y~\xce\x97\xb4c\xe6\
Y\x18\x86\xb3p\xb5\xcaV\xcf\xb4H\x1f\xca\x9a\xba\xd7\
\x19\xbdC\x8c}!>\x11\x9c\xd9\xcd\xedy\x19?\xe7\
\xef\xbd~5\x1d\x8e\xf2\x09\xef\x85r\x91+b\xcf\x13\
\x84c&\x88\xc4^\xefc_hk\xb6Y\xe6\xf0\x14\
\x12\x9e\xf7\xe8/\xf3\x19K-\xf3\xfe\x1e\x01\xec'\x0f\
\xf0\xe9\xc7\xfbB\x1e6\x7fy_\xf8k\xad\x0d\xef\x1b\
@\x19\xfa\xbc^\x88\x8e\xa9\xac\xabD\xc42/!\x90\
TM\x92(\xb2\xa6(0\xf7\x81\x00\x12\x91\x07\xa9\x05\
8\x1f,^\xce\x0aG-\xa7l2\xaed3\xd9\xce\
\x10\xbd\xdd\x10\x8d\x05L\x92c\xba\xcf\x8d\x95i\x0a\xa0\
#I\xb0\xc2F2=\xc16\xcd\x85\xd8p\xf0\x0bw\
\x9f\x15\x09\xf2f'^4\xbe\x91\x01\xbd\x15A\xab\x15\
\x7f\x8e\x05\xe1\xf4\xd2\xea\xef\x9d\xc4\x1c\xee Rsr\
\x91\x06s-\xd9\xe2\xd9\x95p\xb2`n@,5\xd4\
M\xcf\x01\xab\x09ak\x08fG\xfa\xd6\xef\xe7\x0c\xa1\
\x9f\xf3Zcs\x9f\xd3D\xb3\x95:`\xc3D\xb7!\
\xa86\xc2\xfe\xeb\x1d\xd4$[Q\x15\xb4\xf5\xbe!\x99\
\xef\xed\x15\xc4\x1b\xfcjo\xf2yo|\xb1k;\xf0\
\x03\xc9g\x07\x91\x065\x19\xde\x8e\xf2Zcg$V\
2\xcf\xbf?7\xe2\x1cP\x0a\x80j:\xe5\xf1u\xb9\
\x85\x89$\xe9[\xea\xba]\x14\x86]\x8b\xd3(\x8f\xe8\
\x97%\xb7\xbe4.\xb5\x8c\xb1\x94\x9d\xa16\x89\xf6\xd1\
x\x12\xde\xf2V\x02\x13\xb3\xe2\xd6\xect\xe7R\xe3,\
\xf5(\x1b\xbd\xe0]0[H/\xd4\xa4\xe6\x8c\xdc\x11\
\xa0\xa3\x01\xb6\x8fa$4\x22\x1c7\xa6\x08\x1ae\x9e\
\x08w_\xe7\xeb\xad(\xe4@\x83Iu\x82\x89(\x02\
oU\xb9\x89\x0250\xc4=\x12\xef{x\x0d\x80f\
\xde\xfbnQ9\x84I#U`\xdb\x15\xf3\x0c*\x92\
\x81\xa4s\xfel\xac\xc4\x8e\xab\xc8\x0b\xda\xdcu5\xa5\
\xe1\x13OYTH\xe9r\x8a\x9c\xa7\x09\xa8\x01\x0d\x02\
J\xa3\xb9Z$\xa9,\x8c\xeb\xe5\xd2\xf6^\x0c\xeb\x22\
\xce\xca\xea\x18\x04\x00\x19\xa8\x1c\xfb\xe0\xe4\xde6\x8d\x04\
\xd0nqZu\xad\xc4\x5cW\x95\xaa\xef\xe8\xe7-\x1f\
%\xb4+\x83\x1c6.\xddE3G>z\xfb#&\
\x91\x91\x8e\x0dm\xde\xd6\xf9\x89\xee\xd4\xddA\xd5f\xcf\
\xf4\x89\xf8\xba^-5ce\xe4\x8bK\xe6\xe6\xd5v\
|\xd8ncyf5\x98\xbc/\xc1\x14I{\xbdL\
\xc0C\x1e\xf2\x90\x87<\xe4!\x0fy\xc8C\x1e\xf2\x90\
\x87<\xe4!\x0fy\xc8C\x1e\x02\xc0\x0ay\xa6\x14u\
\xb1\xc4\x18S\xc0\x8a\xd5\x82\xca\xd9\xf3qo\xc9\xd6\xe4\
Y\xd8\xd1S,(\x1b\xca\x81\xc7\x22\xd7\xa7\xeb\x9bY\
\xefO\xf11\xcf\xcetU~\x97\xc1\xcbe\xf1\xe2k\
\xd2vzT\xac\x9c\x82\x02\x92\x8f|\xed\xf3\x13\x99=\
\xcf\x95\xb7\xd7\xf1\x9f\xbf\x09\xbf\x8e?\xbf\x16\x7f{\x8d\
\xe2\xdd\xf9\xc7k\x91\x95\xb1\x7f\x92O~\x94\xc5e\xfd\
\x94Eo\xa3d\xf4\xd4\xd2o#j\xf4t\xbb\xff\xb4\
\xcc\xdb\x88&\xa3\xe1\xe7\xc7\xeb\xb9\xae\x0eO\xd5nw\
\x8e\xeba\xb9\x1f\xff\x1aVEuz\x1b\xfd\xc2\xb3/\
\xb4(\x8c\xc6?\xa9\xd1?\xa9ISV\xe2f\xbd\xda\
\xf8\xcf\x16\x90\x89\xc1\xb0o\xaf\xa78\xac\xff\xf9\x9b\xf9\
\xa9}\x1bM\xc8\xe1\xbb\xac(\xdeF\x97S\xf1\xaf_\
\x92\x7f\x13\xbco\xaf\x07\xbfN\x9f\x88\x1b\x1a;}b\
\xd9b\xfa+M\xa7\x0c\xf9}\xa2\xe9\xeeC\xff\x97\xdd\
n7(\x0f\x87\x10(\x86%\xfe\xbd\x8dX\xe6\xf33\
\xfdw\xea\x8f\x13\xb9\xe9\xfd@\x9a\xf9\x0b@\x98\x9d\xc2\
\x22~\x0a\xc9\xea\x94`\x84\x04\xe4\x85\xec$>\xd2\xb3\
Oe\x91b\xb9\x17\xf8\xbf\xf4\xa9\xff\x06>c\xee\xca\
\x1c;(O~\xe3\xfe\x0e\xbd\xff\xa3\xc1\x8fo\xff\x01\
\xcf\xd6Z\x86\
\x00\x00\x08\xf2\
\x00\
\x00 \x9cx\xda\xedZ\xc9\x92\xea8\x16\xdd\xd7Wd\
P\x9b\xee\xc8\xe8\x87m\x86\x84\x8a\xcc\x17!y\xc2\xc6\
\x036\x1e\xb5\xf3\x00\x1e\xf0\x00\xd8\xe0\xe1\xeb[\x86\xcc\
\xec|YU\x8b\xea5wc\xfbJ:\xba\xe3\x91\x22\
\xe0\xb5\xbaFOm\x9e\x15\xd5\xdb(\xae\xeb\xe3\x1f\xe3\
q\xd34?\x9a\xc9\x8f\xf2\x1c\x8d)\x82 \xc6x\xc6\
\xe8\xa9I\xc2:~\x1b\x91\xd4b\xf4\x14\xef\x92(\xae\
\xdf?\xae\xc9\xae\x81e\xfb6\x22\x9e\x88'\xacy\xba\
io\x88\x7f\x04\xd4\xd1\xfb\x84\x1d>n\xa0\xb9W$\
\xfb]U\x8f~\xbe\xe6\xbb\xda\x0b\xbd\xda\xfb\xf9:\x8c\
\xfe\xf11\xf2\x13\x00`G\xf9\x91\xf4m\x01\xbf\x82\x9d\
WX5\xe2\xe5.\xe0Y\xc0j@\x8b\xb0\xf2\x14\x81\
i>a\x19\xb7\x17\x1bW\xc3\x0a\x88\x82a\x9e;\x0c\
\xb2\xe1)\xb4\xc9\x03\x1e\xab\xf1\x98\x0e \x8d\x95\xf4\x09\
0\x89\x1fh\x0a\x19\xe4\xd3\xf9m\x9dQNe\xc6$\
e^\xa3\xd0\x96 \x10\xa3$\x92\xa1\xa7*/\xd7*\
\xa3\xb5*M\xe6J.tr\xce%\xae\x11g(5\
\x07{\x98\x8c\xfa\xb4\xed\xf8a\x9b\xeb\xc8\x7fm\xdbv\
\x16\x07\x13%\x0b\x0a\xfd\xe8S\xb3~X\x04\xa4v\xb0\
/\x19^u~\xc0\xd2S7_v\x00b\xff\x06\xd8\
u\x09T\xb1nY\xea\xe6\xf3\xc5\xb3gE\x90[\x07\
\xcf\xb6.!=\xa3\xe4\xe6\x86\xe2b\xfc\xde\x13\xa5k\
\xc0)\xdan\x1fJ\x9b\x13?u4u\xcdx\xd5\x10\
\x90\xc6\xa5\xc4kpR\x8e\xd8\xbe9\xc2\xf8\xbe\xcd\x11\
\xbe\x9d\xd5\xae\x1df\xd2D\xa1PWO}\xbb=a\
\xfc>\xe4\xb9\x8bKY\xa2\xbe\x8a\xaa\x1dO6j\x9e\
\x1d\x11SN\x90\xad\x91X\x9f\xa3\x84L\xe5\xd4\xec%\
C\xebe\xca\xc4\xf1\xc9b9!\x13\xb9g[\xac\xef\
\xdc4 TF\xac\xb0\x9d\x95\xeb\xdc}\xf5\xf8\xac\xf1\
V0\xc6\xbaK\xc8.\xf3\xc1\xa8\xe9g^!\xbc\xc7\
NI\xfc\x89\xf0=v\xc6G\xec\xdc\xc9\x1dK*\xdc\
\xee\xe65\x8cS\xb9P\xca\xcb\xf5\xa2Tp\x91d3\
v\x19\xdb\xads5\xb4\x0e\x0d\x00(\xbb\xc5\xb2\xcc\xc3\
\xcf\xb5\xd1I\xcc][!<{y\xf1\xdec\xeaO\
`\xe6\x0f1-\x06\xfb\xb8\x1a9:\xce\x91\x1a{T\
vA\x131C|\x96\xf9\x85\xdeG\x9e\x98\x86\x8eX\
\xedh\xb2Gv\x9b\x0b\xb7\xdc\x8b\xf9\xc6\xbe\xe3\xb8\x8e\
\xd2#G\xbca\x07\xdd\x12\xdb\x06c)\xff\x8a\xa1]\
\xc2T9x<\xd7{\x5c\x14\x1dL=\xac.$\x88\
[B\xf6\xc6\x9d=c3?\x8c\xd38\x927p\xc6\
y\x8b\x99^l\xe9\xe5\xb5\x95O\xdb\x03\xca\xb94\xe4\
\xb3\xab_D\xa1K-k)\xe7.!\x1fw\xd8\xf6\
\xa3\xdb\xcdR\x9f\xe7H\xc4\x9b\x97`%^\xc3<;\
 [?\x05<\xd7\xb96\x99\x85\xbc\xd5\x05sn\xba\
\xa2\x94\xab\x8f\xe3\x88})\x83|\xd9x\xb6\x8c}\x17\
\x8f\x08\xfb)\xd9x,G\xb8>\xac!\xf7Eh\xcf\
\xce~\xbe\x9c\xf8y}@\x8e\x92\x06y\xd6\xdc\xf7\x8f\
s\x8dj\xe3\xd0\xd63a\x05\xf1\xfe\xb75\x07a\xa5\
\x97\x9e#G(\xcf*\xb4\x85qHC\xc2\xe3\xcd\x08\
\xe7\xbb\x0dm\xab\xc7\xdfW\x94\xc0XXY8FB\
\xe4\xda\xb3\x83\xc0\x93\xf1n\x0bK\xd7A\x99\xc0+\x1d\
\xc25\x89k,\xc25\x10\xf9\xf6\x12\xd78\xc6\xc6\xdf\
\xd8O<\x8e\x8e>\xc6\xc3\xbec\xbfq\x0d\xad\xb0\xed\
\x8erE\x85>q\x1d1\xd3p\x1d\xfb\xc56F<\
\xf6\xcf\xb6>m\xc4\xf9\xac|\xf6#v\x8a\xe8\xe7J\
5\xe8\xd1f\xe8_F\xf8\x1fO\xc0;O\x0c}\x12\
}\xe3\x09]y\xcfe\x1c\x07TtA<G\xdcx\
\xe6\xa3\xef\xa0#\xef\x1a\xc5\x83]\x0e\x17{%\x92M\
~S\x92C\xdf\xd1\xe0\xdewV\xea\xdam\x81p\xad\
\xba\x86@*\xb9\xd2\xb8\xb6\xae\x80\xef\xc2\xeb8\x16J\
i\xd3\xd0]\x18z}l\xaf\xe5\x0bI\x1f\xe5Yn\
\xcf<\xb2\xb2\xec\xc6c\xe0\xea\xc4\x9e\xad\xc3x\x0b\x91\
\xcfJ\x13\x9a\xd7/C\x8e\xfd\xfc^\x8bCL\xfd<\
\xcbq\xce\x08/\xb7\xa6.\xd5\x92\x015\xf8\xae\xc22\
\xb7\x86\xde\xeeB\x98\xd8(o\xf1\x9a\x90\xf0\xe0a\x07\
\x87\xbd\xd3\xd9'\x0f\x89\xd4\x9d\x87d\x1c\xab\xef<\x04\
\xde{\x06\xe3\xc6\x9eM\xe0z\xbeq\x1f\xcdPC\xef\
\xae3\x97\xe2*D!\xdc\xefl\xa7\x18\xe8\x88\xf7.\
\xfc\x9c#p\xdfd;\xf6[\xdfl\xdf{dbu\
~z\xbc\xbd\xabi\xd4(\x86\xd9 \x06e\x98\x7f\x0f\
2%\xd4\x0a/O\xdd\x8e\x98*\x0c;\x95l\x97r\
S\x01\xd7\xb5\x18\xab\xbc\x95+\x1f\x18\x05\xe66j\x16\
\x87+\x0b\xd7\xd1\xf1\x88sM\xe0\x1aK\x91\x99\xb1;\
\xba\x9d\xfa\x0e\x98{vvPS\x99\x94\x07\x1e3`\
*\x19&%\xdbl\xad0(Qh\xcc_\x8c6\xb9\
\xe9\x0ca*\x1b\x11\xa9\x1aJ\xa2LD\x5c\xfbV\x8c\
k\xee\xe0P\x5c\x1fPVw\xaf%\x95)\xf3\xe1\xfc\
h\xa7\x92\xa3d>\xef\xa6\xb7Z\xca\xdd\xe5_q\xbd\
\xf4w\xfcM}\xe4\x9c\xd6u\x8e\xea^Lz\xb5\xd2\
\xda\xf3X\xf4\x0f[\xab\xa6x\x95\x07\xcdbu\xb0\xce\
}\xc6\x87\x82D\x8d\xd9\xee\xb8\xfe\xe0\xa1\xe3?\xe0\xa1\
\x8f\x1e\x90q\xce\xc4O\x0eb\xbc1\xf6\x9a\xb9\xae\xb8\
\x9d>=n\x9f\x95\xa2\x14\x8bEs0T\x83\xceM\
\x11\xa8\xcf\xc6Q6\xecUq\xdd&\xee\x90\xa7U\x84\
sjU8b\xb7zA)\xf9\x81\xff%6\xf2\xf5\
=\x067\xdf\xa4\x5c\xc7\xf1\xe3>\xf7\xcc\x8e\x1c\xcb\x0b\
\xbb&=\xed\x85\xc3f\xaf\xb4RE\xf39\xe2\xc5\x12\
,\x88\xf5\xe9z\x9a\x8f\x83I\x12\x8d\xd7\xbdH\xdc\xeb\
\x8c\xdc#\xca\xba`\x9f0\xce\xb2s\x06^\xce\x9f\xd3\
\xf7^\xbfj\xf6\x8c\xf00\xef\x05|\x96\x0a\xec\xc0\x13\
\x98c&\x08\xc7^\x19b\x9f\xc9\xdbi#\xa5\xf0\x1c\
`\x9ew\xc9/\xfadJH\xe9p\x8e\x80\xe9'\x0f\
\xd0\xf1\xc7}!\x0d\x9a?\xdd\x17\xfe\x5ck\xb7\xfb\x06\
\x10n}^\xafY[\x13\xb6e\xc4\xe6<\xcd!\x10\
\x95M\x14\x09\xbc,\x080\xf5\x00\x03\x22\x96\x06\xb1\x0e\
f\x1eX\xbfT\xc2\x8c\x90\xe6\xd3h\x5c\xf2Zd.\
\x11i\x1ax\xc6\x1aF\xd1)>\xa4\xeaF\xd3\x18\xd0\
CQ\xd6\x83\x86\xd3\x5c\xc6\xd2\xb45\xdb\xcc\xe0\x17\xee\
\xae\x04\x0e\xd2Z\xcf^d\xba\xe1\x01i\xb2\xa0\x95\xb3\
_c\x819\xbd\xd0\x87s'\xd2ng\x10\xae9>\
\x8b\xfd\x95\x1c\x99\xf9\xf2\x8a9\x99\xd1\x0c\xb0\xe3\x1a\xa2\
SR\x80\xef?A\x8b\xef:=\xee[o\xd0\xa9\xcc\
\xa0s[\xd5\xb8\xebdVk\xb9\x1eX0R,\x08\
J\x839|=\x83\x9a\xc8dEF\xde\x1e\x1a\x9c\xf9\
\xc1^\x86\xed\xe0W{\xa3\xcfs\xe3\x8b]\xe6\x8d\x1f\
p>{\x88d(\xf3\xb0;\xf1[y\xba\xc4\xb1\xe2\
i\xfa\xfd\xbdaW\x80\x10\x00\x14\xe39\x9d_%\x13\
F\x1c\xa7\x98\xc4\xd5\x5cg\xaaU\xb3\xf30\x0d\xc9\x17\
i\xb6\xbd4\x0e!\xed\xf0\x0d\xad\x82\xf2$<\x84\xe3\
I\xd0\xa5-\x07&Z9\xdbN\xe7{\x87\x18'\xb1\
KX\xe8%\xdf\xfb\xcb5\xf7BL\xea\x99\x9a\xda\x0c\
\xb4e0\x1db\x182\x0d\x0b\xc7\x8d\xc6\x82FXE\
\xcc\xdd\xd7\xd5\xd6d\x99\x14\xc80*\xcf0bY\xe0\
nJ'\x12\xa0\x0cnq\x0f\xd9\xfb\x1aZ\x06\xa0Y\
\x0d\xbe\xebD\x0aa\xd4p%0\xfbl\x95@\x81S\
\x11W\xa5\xcf\xea\x86\xedg\xe5s!\xaf\x1cG\x16\x1a\
:r\x85u\x89\x84>%\xf0~2\x83\x1a\xd0  \
4\xb2#\x87\x9c8\x85\xbbZ\x92,\xf7E\xd5/\xec\
\xb2(O\xbe\x0f\x90\x8a\x8a\xb1\x07\xceNg4\x1c@\
\xfb\xf5y\xd3\xb7\x1cu\xdd\x94\xa2\xb2'\x9fM:\x8c\
H\x87\x07)l\x1c\xb2\x0f\x976\x7fr\x0f\xa7\x1cG\
\x86;5\xa4\xd6m\xd33\xd9\x8b\xfb\xa3(/\x9f\xc9\
3\xf6u\xbb\x91du\xa3\xa6\xebK\xe2\xa4\xa59>\
\x9a\xe6\x8e_\xeaM\x8e\xefK0F\xdcA)\x22\xf0\
\x90\x87<\xe4!\x0fy\xc8C\x1e\xf2\x90\x87<\xe4!\
\x0fy\xc8C\x1e\xf2\x90\x87\x00\xb0A\xae\xa6N\x8b\xa8\
Q\xd6\x86\x11\xaeaam\x93E\x1a\xa9\x88B\xee\xb4\
\x5c\x9c\xc2\xb2\x9f\xafl\x83\xe7\x84r\x5c\x81\xad\xb0\xe9\
#&\xacBQ\xdc\x07\xd9\xd80\x9b\x17k\x13\xb7r\
\x95K}\xb4\xaeV\xcer2\x7fawY\x13R\xec\
\xdb\xeb\xf8\xd7\xdf\x84_\xc7\x9f\xbf\x16\xff\xf6\x1a\xee\xf6\
\xd5\xcf\xd7,)v\xde\x99?{a\xb2+\xea\xa7$\
|\x1bE\xa3\xa7\x96|\x1b\x11\xa3\xa7\xee\xfeh\xa9\xb7\
\x11\x89\xbfn\x8f\x9f\xafU]\x1e\x9f\xca\xfd\xbe\xda\xd5\
\xb7\xe1\xe1\xfb?A\x99\x95\xe7\xb7\xd1\xef\x0bv\xc9\x02\
8\x1a\x7f\x9bF~\x9b6\xa3\xe7\xf0\x05\x0c\xd3\xc6\xbf\
Z\x80\x157\xc3~{=\xef\x82\xfa\xef\x7f3?\xb7\
o\xa3\x09\xde|\x9fd\xd9\xdb\xe8r\xce\xfe\xf5{\xf4\
o\x8c\xf7\xbe\xee}\xb4\xbb?\xdeQ\x86\xd7\x0f\x90\xe1\
}\xc0X~@\xfc\xbe\xdf\xef\x7fY?_\xfc\xf3\xf5\
O\xe5\xd1\x0b\x92\x1a/\xfb1\xff+c\x06\xcc\xff\x1f\
,H\xceA\xb6{\x0a\xf0\xcc\xc5d\xf4\x14t\xf7'\
\x8e'9\xfb\x93\x1b\xc3\x7f\x0e~\xfe\xf6_\xb6b_\
P\
\x00\x00\x08\xf3\
\x00\
\x00 \x10x\xda\xedYY\x93\xaa\xc8\x12~?\xbf\xc2\
p^\xee\x8d\x8e3\x02\x8a6\x13\xdd'\xa2\x8aM\x10\
PPY\xea\x8dEYdQAY~\xfd-\xb4\xdb\
\xe9\xe9\x99y\xb8\xeff\x18!\xd4\xf2U\xe6\x97\x99\x1f\
D\xf0V^\xc3A\x93\xa5y\xf9>\x8c\xaa\xea\xf8\xc7\
hT\xd7\xf5\xef\xf5\xf8\xf7\xe2\x1c\x8e(\x82 Fx\
\xc5pP\xc7A\x15\xbd\x0fI\xeau8\x88vq\x18\
U\x1f7\xd7xW\xc3\xa2y\x1f\x12\x03b\x80G\x06\
\xb7\xd1\x1b\xe2\x1f>ut\x1f\xb0\xfd\xcd\x0d4s\xf3\
x\xbf+\xab\xe1\xaf\xb7lW\xb9\x81[\xb9\xbf\xde\xfa\
\xd9?>g~\x01\x00\xac0;\x92\x9e%\xe1K\xb0\
ss\xb3B\xa2\xda\xfa\x22\x0fx\x1d\xe8!\x1e<\x85\
`\x92\x8dy\xce\xe9\xe4\xda\xd1\xf1\x00D~\xbf\xce\xe9\
'\xf9\xe0\x14X\xe4\x01\xcfUx\xce\x00\x90\xc5\x83\xec\
\x09p\xb1\xe7\xeb\x1a\xe9g\x93\xe9m\xdf\xa6h\x96\x1b\
\xbeV\x13\xb5A1Ah\x89C(\x1b\xbds6\xa0\
Zr!\xa5\xae\x89Z\xb5xZ\xb3$b\xb9q\xf0\
\xb5\xd3\xfb\xc3\xa5\xd4\xc3\xb7\xe3\xa7o\x8e\xad\xfe\xb3o\
k:\xf2\xc7Z\xea\xe7\xc6\xd1\xa3\xe8\xae\xdf\x04\x94\xa6\
\xf7/\xee/\x0d\xb1\xc72\x12'cZ\x00q|=\
\xec\xa2\x00K\xb9jx\xea\x16\xf3\xc5\xb5\xe8\xdc\xcf\xcc\
\x83k\x99\x97\x80\xa5)\xb5\xbe\xa18\x18\xbfsW\xbe\
/\xcf\xaa\xe3\x8af\xf4\xd1K\xb5\x7f\xa9$z\xb2*\
{Bj\x87\x92\xaf\xfeI;b\xff\xa6\x08\xe3{\x96\
@xVZ9V\x90*c\x8dBm5\xf1\xac\xe6\
\x84\xf1\xbb@\x14.\x0ee\xca\xc6<,w\x22Y/\
\xb3\xf4\x88\xb8\x82\xd0(\x9d\xd0:\x87Bkb\x8c2\
\xb5\xc1\xfc\x10\xc8\xd2\xab\xe5F\xed\xd4\x98\x98h\x14\xdf\
\xaa\x96\x1c9\x1b\xe3\xa0vZ\x89\xfd,\x1d\xfb\x1e\xab\
+\xa6\xb5;\x87\x11\x1e\xbb\x04<\x93\xf5NM\x1ey\
\x85\xf0\xce\x9d\x16{c\xe9;w\x9bO\xee\x9c\xf1\x1d\
K\xc9\x9d\xf6\x165\x8c\x125\xd7\x0a\xd7\x1e%\xafp\
\xd1\xc6\x8c\xa4\xbe\x1cN\x12\xb1=\x8e@_\x07(\xbd\
qYd\xc1cox\x923\xc7\xd2\x08\xd7b.\xee\
\x07\xa7\xde\x18\xa6^\xcfi\xde\xfb'T\xc86p\x8e\
\x96\x91K\xa5\x174\x96S$\xa6\xa9\x97\x1b]\xe8\xca\
I`\xcb\xe5\x8e%;d5\x99t\xcb\xbd\x9c\xad\xac\
;\x8eck\x1d\xb2\xe5\x1b\xb6\xdf2\xd87\x18)\xd9\
W\x0c\xfd\x12$\xda\xc1\x15\x85\xce\x15\xc2\xd0\xb2\x8f\xb4\
\x950\x85\x12\xef\xec}\x93\xcbg\xb5:U:#R\
.ehg\xc6i\xc4\xb9\x94\x8c&\xb3\xa9\xb2;\xa0\
LH\x021\xbdzy\x188\x14S)\x99p\x09\xc4\
\xa8\xc5\xbe\x1f\x9d\x96N<Q \x91\xb8\xbd\xf8s\xf9\
\x1ad\xe9\x01Y\xc6\xc9\x17\x85\xd6\xb1\xc84\x10\xcd\xd6\
\x9f\x0a\x939\xa5]=\xcc#\x8e\xa5\xf03\xa6v-\
\x15\xc7.\x1f\x11\x8eS\xb1\xf0\x5c\x86p}\x98}\xee\
\xf3\xc0\xa2\xcf^\xc6\x8c\xbd\xac: [K\xfc,\xad\
\xef\xe7G\x99N5Q`\x19\xa94\x87\xf8\xfc\xdb\x9e\
\x8347p\x1e\xd4\x10ei\x89\xd60\x0aXH\xb8\
\xe26\xc4\xf9n\x02\xcb\xec\xf0\xfd\x15\xc50\x92\xe6&\
\xe6H\x0a\x1d\x8b>H\x22\x19\xed\xd6\xb0pl\x94J\
\xa2\xd6\x22\x5c\x93\xb8\x9eB\x5c\x03\xa1g1\xb8\xc61\
6\xbe\xc7q\xe2yt\xf40\x1e\x8e\x1d\xc7\x8dkh\
\x8e}\xb7\xb5+\xca\x8d\xb1c\xcb\xa9\x8e\xeb\xd8\xcb\xd7\
\x11\x12q|\x96\xf9\xf0\x11\xe7\xb3\xf4\xf8O\xee4\xd9\
\xcb\xb4\xb2\x1fG\xabm\xdf\xbe\xd2\x9f:\x01\xef:\xd1\
\xf7I\xf8M'\x0c\xed#\x97Q\xe4S\xe1\x05\x89\x02\
q\xd3\x99\xcf\xbecu!\xb2V:L\x0f\x8bk\xc2\
\x963\xe5b\xb8J\x0f\xca\x82{\xdf\x99\x89c59\
\xc2\xb5\xeal$R\xcb\xb4\xda\xb1\x0c\x0d|7\xd1\xc0\
\x5ch\x85\xc5\xb2\xdcHQ\x84T\x98-\x0c\x8f\xb3\xdb\
y|~9G\xf2n'$K\xae\x04\xfc\x95x}\
\xedf\xd7u\x9d&Rf\x5c\xfa\x1c{\xd9\xbd\x16{\
N\xbd,\xcdp\xce\x0873'\x0e\xd5\x90>\xd5\xc7\
\xbe\x84Ef\xf6\xbd\xdd\x060\xb6P\xd6\xe0=\x01\xe1\
\xc2\xc3\x0e\xf6g'\xf4C\x87d\xea\xaeC*\xe6\xea\
\xbb\x0e\x81\x8f\x9e\xc1\xb8\x91k\x11\xb8\x9eo\xda\xc7r\
T\xdf\xbb\x8b\xd4\xa1\x84\x12Q\x08\xf7;\xdfj\x1bt\
\xc4g\xe7^&\x10\xb8o\xd2\x1d\xff\xado\xd6\x1f=\
26[/9\xde\xae\x97\x09O\xab\x1b\xd0\xaa\x9d\x90\
a}\xa1\xb4D\xaf4N\x8bT\x96\x98,9\x07k\
\x0eh\x9c\xcd\x81t\x12\x9d\xd6\x12\x80\xb5\xfa\x03#\xc7\
\xdaF\xd1Q07q\x1d\x1d\x8f8\xd7\x04\xae\xb1\x04\
mS~\xc76\x13\xcf\x06S\xd7J\x0f\xcbD\x8e\xb1\
\xcew(\x09;\xc52SM\xec\xf1\xb7X\xd3\xc8H\
M\xa2\x04\x9f9\xd68\xd0,9\x98!\xee@hs\
\x19\xd7\xbe\x19\xe1\x9a;\xd8\x94\xd0\xf9\x94\xd9\xdeki\
\xc9\x15Y\xff\xfch&\x8a\xad\xa5\x9e\xe8$\xb7Z\xca\
\x1c\xe6\x9f\xb4^\xf97\xfd\xa6>s\x0e\xd1.O\xdd\
\x15\xae/\x99\x0eF\xa2\x9f\x95-u\x229\xc2Cg\
\xc4SW2\xe1\x1d?^\x8d\x92kQM?u\xe8\
\xf8\x7f\xe8\xd0g\x0f\xa88g\xf2C\x83\x8e\xb3\xcd\xdc\
I\xaf6S\x08\xb3yE\x95\xee\x15DI~aU\
\x7f[\x9e\x10I\x94^\x96SkCeS*v\xfa\
<\xcdC\x9cS\xb3D\xb1v\xab\x17\x94\x90\x9f\xf8_\
\xb8Q\xaf\x1f\x1c\xdcbS2\x03\xf3'<\xce\x8c\x95\
S\x8c\x1c\x91\x9e/\xceqP\xee\xc6\x8do\xfb\x16_\
\x8f\x17\xaf\xc2\x82\xbe\xb8\x01\xa5\xe5\x12\xb0\x5c\x9a\x8e\x22\
\xe2^g\xe4\x1eQ\xe6\x05\xc7\x84q\x98\xd6\xeeu9\
{I>z\xfd\xaa[4\xe1b\xdd\xf3E\xdc\x0f|\
\xaf\x13Xc\xc6\x08s\xaf\xf5\xdc\xa7\xeazR+\x09\
<\xfbX\xe7\x1d\xf2\xcbx<!\x94\xa4\x7f\x8e\x80\xc9\
C\x07\xd8\xe8\xf3}!\xf1\xeb\xbf\xbd/\xfc\xbd\xd6n\
\xef\x1b@\xba\xf5y\xb5\xe0-]Z\x17!\x9f\x89\xac\
\x80@X\xd4a(\x89\xaa$\xc1\xc4\x05\x1c\x08y\x16\
D\x06\xa0]\xb0\x98\x95\x12M(\xd3I8*D=\
\xdc2\x88\xdcn\xf0\x8a\x05\x0c\xc3StH\x96+]\
\xe7@\x07e\xd5\xf0kAw8S\xd7\x17|M\xc3\
/\xda]J\x02d\xf5\x8e\xbf\xa8l-\x02r\xcb\x83\
FM\xff\xca\x05\xd6\xf4\xdc\xe8\x9f;\xa1~{\x06\xe1\
\x9a\x13\xd3\xc8\x9b\xab\xe16c\xaeX\x939}\x03v\
BM\xb4\xb8\x97&*\xe7\xe3\xba\xd7;\xdc\xb7n?\
\xb6\xe4\xfa1\x07\xbf\x17\xdd\xc7T^o\x84\x0e\x980\
\xd4L\x08\x8a\x0dw\xf8\xfa\x0c\xaa\xc3-/s\xea\xfa\
P\xe3\xcc\xf7\xfer|\x0b\xbf\xfa\x1b>\x9e\x1b_\xfc\
\xda\xde\xf4\x01\xe7\xb3\x83H\x85\xaa\x08\xdb\x93\xb8V'\
\x0c\xe6Jd\xd9\x8f\xeb\x9a\x9f\x03B\x02P\x8e\xa6l\
vU\xb60\x14\x04mK\x5c\xb7\x8btiV\xfc4\
H\x02r\xa6\xd0\xebKm\x13\xca.\x13\xe2\x12\xaa\xe3\
\xe0\x10\x8c\xc6~\x9b4\x02\x18\xeb\x05\xbd\x9eL\xf76\
1\x8a#\x870\xd1,\xdb{\xccB\x98\x11\xe3\x8a^\
&\x16\x07-\x15Lz\x0e\x03\xae\xe6\xe1\xa8\xd6yP\
K\xf3\x90\xbb\xc7:_oy.\x01*\x0c\x8b3\x0c\
y\x1e8\xab\xc2\x0e%\xa8\x82\x1b\xef\x01\x7f\xdf\xc3\xaa\
\x00\xd4\xf3>v\x83H \x0ck\xa1\x00\xdb.\x9d\xc7\
P\x12\x96H(\x93\x97\xe5\x8a\xef\xe8\xe2%W\xe7\xb6\
\xadJ5\x1b:\xd2\xa2@R\x97\x10\xf8<\x95C5\
\xa8\x11\x90j\xd5V\x03A\x9e\xc0]\xa5(\xa63[\
\x1a\x17\x9e\xc9\x8b\x93\xe7\x01\xb4D\xf9\xc8\x05g\xbb\xdd\
\xd4\x02@\xfb\xc5y\xd55\x02u]\x15\xb2\xb6'_\
\xb6l\x10\x92\xb6\x08\x12X\xdbd\x170\x96xr\x0e\
\xa7\x0c3#\x9cjRo\xd7\xc9\x99\xec\xe4\xfdQV\
\x99\x17\xf2\x8cc]\xaf\x14u\xb9Z&\x8bKl'\
\xc5vt\xdcnw\x22c\xd4\x19~_\x82\x11\x12\x0e\
Z\x1e\x82\xa7=\xediO{\xda\xd3\x9e\xf6\xb4\xa7=\
\xediO{\xda\xd3\x9e\xf6\xb4\xa7=\x0d\x80\x15rt\
\x89bG%\x1c3\x0e\xcc\x8f\x8e,\xc9\xabE\xb3\xbe\
\x84\xde\xd8\x0c6a\xc9\xb5\x8b\x86\x9a\xe5\x819\xdfL\
\xbdS>\xbf\x1e;IX\xb9G\xc9\xcc\x0a\xa6}\xe1\
\x0f\xb5A\x96\x1b\xaa\xb9\x82\x85O\xb1\xdcvq\x9d\xee\
\xad\xcb\xb1\xe4\xdf\xdfF\x7f\xfd&\xfc6z|-\xfe\
\xf1\x16\xec\xf6\xe5\xaf\xb74\xcew\xeeY<\xbbA\xbc\
\xcb\xabA\x1c\xbc\x0f\xc3\xe1\xa0!\xdf\x87\xc4p\xd0\xde\
\xff\x1a\xea}H\xe2\xbb\xdb\xdf\xaf\xb7\xb2*\x8e\x83b\
\xbf/w\xd5m\xba\xbf\xff\xe9\x17iq~\x1f\xfe&\
@(P\x93\xe1\xe8\xdb2\xf2\xfb2f6&\xa7\xfd\
\xb2\xd1_=\xc0\x037\xc7~\xbc\x9dw~\xf5\xef\xdf\
\xcc\xcf\xcd\xfbp\x8c\x0f\xdf\xc7i\xfa>\xbc\x9c\xd3\xff\
\xfc\x16\xfe\x17\xe3}\xec\xebg)\xec\xf2\xfb\x10;\xf3\
\x892\x9d\xfc\x09\xf2J\xdc1\x98O\x88\xdf\xf6\xfb\xfd\
m\xff\xd1\xad\xa2\x01\xa6A\x9dQ\x83\xf1D\xa1\x89\xc1\
\xf45\x22\xe9\xf4\xe7t@\xe1\xdf\xe4\xe7\xf8u>}\
\xed\x1e\xfb\x1e\xa1\xfcx\xeb\xbf\xf3\xff\xfa\xf1?\xf3$\
6\x9d\
\x00\x00\x01L\
<\
svg xmlns=\x22http:\
//www.w3.org/200\
0/svg\x22 width=\x2224\
\x22 height=\x2224\x22 vi\
ewBox=\x220 0 24 24\
\x22 fill=\x22none\x22 st\
roke=\x22currentCol\
or\x22 stroke-width\
=\x222\x22 stroke-line\
cap=\x22round\x22 stro\
ke-linejoin=\x22rou\
nd\x22 class=\x22lucid\
e lucide-ellipsi\
s-vertical previ\
ew-icon\x22><circle\
 cx=\x2212\x22 cy=\x2212\x22\
 r=\x221\x22/><circle \
cx=\x2212\x22 cy=\x225\x22 r\
=\x221\x22/><circle cx\
=\x2212\x22 cy=\x2219\x22 r=\
\x221\x22/></svg>\
\x00\x00\x01\xcb\
\x89\
PNG\x0d\x0a\x1a\x0a\x00\x00\x00\x0dIHDR\x00\
\x00\x00\x18\x00\x00\x00\x18\x08\x06\x00\x00\x00\xe0w=\xf8\
\x00\x00\x01\x80IDATx\x01\xe4TAN\xc30\
\x10\x1c\xf7\x05<\x01.\xe1J\x7fP\xae\xcd\x85'\xc0\
\x95\x80D_@yA\x91 \xbd\xc2\x13\xb8\xa4W\xfa\
\x83r\xc5\x17\xfa\x04^\x80\x19'\xb1\x15\xd7+bU\
DBb\xe5\x95\x93\xf5\xaeG;\x1e{\x84\x81\xedo\
\x00\xe82\x7f\xa2\x9b\xc0\x97\xf9\x22\xa5\xf9\xd4\x0e\xce\xa3\
\xcd\x0cn\x90`\xbd\x00\xba\x9c~4\xfb\x98mVT\
\xca:\x14\xd6\xa0\xe92\xdfp\xfaqD\x00,\x0a\xe8\
\x00\xd4!hY\xb1:\xe2T\x8f\xec\xb2:\xad?\x80\
\x13\xe6{\xea\xde\x1f\xa6\xf36\xee\xa7\x08\x80+1\x1d\
\x0c\xa6\x0c5R\xb7\xbby\x01\x80\x96\xe8\x00\xde@\xd3\
\x1d:\xb4\x94\xe7h[\xe6\xafL\xf7#\x00\x80DG\
Q\x8d\xd1\x98\xa7\x03R\x9e\xa3\xcd`\xb2Y\x9c\x1d\xa0\
5\x0f\xd0\x0d\xb6k{O\xe3\xd9\xcb\xa7+\xf6\x00u\
PhS\xa4C\xa2\xed\xd1Qc\xb6ns;{\x00\
\xfb\xe3\xd5\xc16u\x99\xd7\xea\x80D\x87D\x9b\xc2\x04\
\xb4\xae\xda\xf8\x8b\x00\xc0\x06~\xdb\x03\x00\xed\xd4a\xb0\
\xb6\x17\xca:\x01\x07P\xd1U\xe5.\x12\x08\xf2_T\
\xe4\xe8\xc5P*\x12\xd4\xc6\xf3\x8bUd\xbe\xcc\x9d]\
\xd8\xd3\x9fw\xeb\x02\x15\xd9\xc5\xe3\xeb\xd5\x9c\x07[?\
\xcbvf\xacQQ\xe7\x8d\xf1j#\x1d6\xa7\xe3\x17\
\xcc\x0fF\x04\x10\xac\xf2\x87\xc5\x8d\x8az.\x1fS\xc5\
\xd1\x0bPW)\xdc#\xb6\x88\x8e8\x05\xf1\x19HI\
|Bf\xec\xc4\xd3\xd6~GtH\xb5i\x1dH\x95\
\x89\xb1o\x00\x00\x00\xff\xff\x8d\xff\xef\xa2\x00\x00\x00\x06\
IDAT\x03\x00E\x03\xfb1\xbexEt\x00\x00\
\x00\x00IEND\xaeB`\x82\
\x00\x00\x01\x90\
<\
svg xmlns=\x22http:\
//www.w3.org/200\
0/svg\x22 width=\x2224\
\x22 height=\x2224\x22 vi\
ewBox=\x220 0 24 24\
\x22 fill=\x22none\x22 st\
roke=\x22currentCol\
or\x22 stroke-width\
=\x222\x22 stroke-line\
cap=\x22round\x22 stro\
ke-linejoin=\x22rou\
nd\x22 class=\x22lucid\
e lucide-inbox p\
review-icon\x22><po\
lyline points=\x222\
2 12 16 12 14 15\
 10 15 8 12 2 12\
\x22/><path d=\x22M5.4\
5 5.11 2 12v6a2 \
2 0 0 0 2 2h16a2\
 2 0 0 0 2-2v-6l\
-3.45-6.89A2 2 0\
 0 0 16.76 4H7.2\
4a2 2 0 0 0-1.79\
 1.11z\x22/></svg>\
\x00\x00\x01\xc0\
<\
svg xmlns=\x22http:\
//www.w3.org/200\
0/svg\x22 width=\x2224\
\x22 height=\x2224\x22 vi\
ewBox=\x220 0 24 24\
\x22 fill=\x22none\x22 st\
roke=\x22currentCol\
or\x22 stroke-width\
=\x222\x22 stroke-line\
cap=\x22round\x22 stro\
ke-linejoin=\x22rou\
nd\x22 class=\x22lucid\
e lucide-file-te\
xt preview-icon\x22\
><path d=\x22M6 22a\
2 2 0 0 1-2-2V4a\
2 2 0 0 1 2-2h8a\
2.4 2.4 0 0 1 1.\
704.706l3.588 3.\
588A2.4 2.4 0 0 \
1 20 8v12a2 2 0 \
0 1-2 2z\x22/><path\
 d=\x22M14 2v5a1 1 \
0 0 0 1 1h5\x22/><p\
ath d=\x22M10 9H8\x22/\
><path d=\x22M16 13\
H8\x22/><path d=\x22M1\
6 17H8\x22/></svg>\
\x00\x00\x01\xb2\
<\
svg xmlns=\x22http:\
//www.w3.org/200\
0/svg\x22 width=\x2224\
\x22 height=\x2224\x22 vi\
ewBox=\x220 0 24 24\
\x22 fill=\x22none\x22 st\
roke=\x22currentCol\
or\x22 stroke-width\
=\x222\x22 stroke-line\
cap=\x22round\x22 stro\
ke-linejoin=\x22rou\
nd\x22 class=\x22lucid\
e lucide-square-\
pen preview-icon\
\x22><path d=\x22M12 3\
H5a2 2 0 0 0-2 2\
v14a2 2 0 0 0 2 \
2h14a2 2 0 0 0 2\
-2v-7\x22/><path d=\
\x22M18.375 2.625a1\
 1 0 0 1 3 3l-9.\
013 9.014a2 2 0 \
0 1-.853.505l-2.\
873.84a.5.5 0 0 \
1-.62-.62l.84-2.\
873a2 2 0 0 1 .5\
06-.852z\x22/></svg\
>\
\x00\x00\x08\x9c\
\x00\
\x00\x1flx\xda\xedY\xc9r\xab\xc8\x12\xdd\xf7W8\
\xfc\x96\x8en\x01B\xb2\xd5q}#\xaa\x98\x04b\x10\
Hb\xa8\x1d\x93\x98\x07IH\x0c_\xff\x0ad\xbb\xdd\
\xb7\xfb-\xde^\xb9\xb0\xa9,H2O\x9e<E\x84\
~\x5cn\xd1oOO]\x91\x97\x97\xf7\xe7\xb8i\xea\
?g\xb3\xb6m\xffh\xe7\x7fT\xe7hF\x11\x041\
\xc3\xf7<\xe3\x9b\xda$h\xe2\xf7g\x8a\x1e\x17q\x98\
Dq\xf3\xb9\xba%a\x0b\xab\xee\xfd\x99x\x22\x9e(\
\xfa\xe9\xee=&y\xfe\xfe\x5cVe8\xae.\xcd\xb9\
\xca\xc2\xf7\xe7\xff\x10\x93\xfd\xe5\xfa\xfd3\xf07W\x9e\
\x94\xa1\xef\xd6\xef\xcf\xe7\xeaZ\x06\xbfl\xa4UR\xfe\
\xb53\xe5\xfe\xa7O\xd5\xeeW\x01\xe3bJ\xbfp\xcb\
\xe4\x18^\x9a\xe7\x9f?\x8a\xb0q\x03\xb7q\x7f\xfe\x18\
w\xff\xfc\xdc\xf9\x09\x00\xb0\xa2\xa2&=K\xc4\x97 \
tK\xb3A\x82\xd2\xfb\x02\x078\x1d\xe8\x11v\x9e\x22\
@\x17s\x8eu\x06\xa9ut\xec\x80\xc8\x1f\xefs\xc6\
M.8\x05\x16\x99\xe1\xbd\x06\xef\x19\x002\xd8\xc9\x9c\
\x00\x9bx\xbe\xae\x92~A/\xa7\xe7\xf6\x15\xa9\xed\x8d\
\x18\xb1\xa0G\x0cYh{\x18\xcb{\xbduR\xa7\xd1\
\xf6N\xef\xf4\xc4\x1cYz\xaf\xa6J\xab\x0cF\x86s\
\x18\xf3as\xea+\xb7\xfa37\xc7V\xfe=\xb7\xdd\
\x22\xf6\xe7j\xee\x97F\xedQ\x8ba|\x08\xc8\xdd\x98\
_2^\x1a\xc2\x18\xcbH\x9db\xd5\x03\x88\xeb\x1b\xc3\
n*\xa0IM\xc7QS\xcdW\xd7Z\x94~af\
\xaee^\x03fA)\xed\x14\xc5\xc1\xf1\x07\x17\xbe%\
\x15m\xd5Q\xc42\xa7\x0d\x9a\xbf\xc1xq\x5cU#\
 \xadCI7\xff\xa4\xd68\xbf%\xc2\xf1=\x8b'\
<+o\x1c+\xc8\xe5\xb9J\xa1\xbe\xa1=\xab;\xe1\
\xf8C \xf0W\x872%c\x1d]B\x81l\xb5\x22\
\xaf\x11[\x0d\xaa\xa0,Pa\xc4NB\x0c\xc8B\x19\
\xc6\x87\xc0x`|\xd4\xcc\xd9\x91\xb1:\x1c:\x94\x1a\
\xb9\xc2\xc2Be\xd1\x05\xe7yq\xec{\xad\xae\x90\xb7\
\xee\x1a\xc6\xd8w\x0d\xb8U1&E\x7f\xf5\x15\xc2;\
vj\xe2\xcd\xc5_\xb1\xdb\x7fb\xe7\xcc\xef\xb1\xe4\xd2\
\xe9\xa7\xaaa\x9c*\xa5Z\x9d\xc3\xac\x10\x0f\xdd\xb5\x9d\
\xbd\xce}\xfd\xb8\xd8\xf26\xa7\x8d<@\xf9\x84eU\
\x04_\xcfF'\xa9p,\x95p\xad\xd5\xd5\xfd\xc0\xd4\
\x9b\xc3\xdc\x1b1-\xc7\xfc\xf8\x06\xd9\x06\xee\x91\x16\xbb\
T~Es)GB\x9e{\xa51D\xae\x94\x06\xb6\
t\x09\x19\x12\xd7\xdf\x15\xe2\xd4{\xa9\xd8Z\xf78\x8e\
\xad\x0e\xc8\x96\xa6\xd8~\xbf\xc2\xb9a\x0e\x15\xdfc\xe8\
\xd7 U3W\xe0\x07\x97\x8f\x22\xcb\xee\x06\xd8\xe8!\
\xbd\xdb\xce^;+#\xb8c\xed\xdd$\xe7\x94\x92\xe7\
\x84\x83\xd7\x97\xe5\x86\xd9\xa7\xe7UuN2T\xf0i\
 \xe47\xaf\x8c\x02\x87Z5r\xc1_\x03!\xeeq\
\xee\xb5\xd3/RO\xe0I$\x1c\xae\xfeZ\xba\x05E\
\x9e!\xcb8\xf9\x02\xdf;\x16\x99\x07\x82\xd9\xfbK\x9e\
^S\xea\xcd\xc38\xe2Z*\xbfX\xb5\xae\xa5\xe0\xda\
\xa5\x1a\xe1:e\x0b\xef\x15\x08\xf3\xc3\x1c{_\x06\xd6\
\xe2\xec\x15\xab\xb9W4\x19\xb2\xd5\xd4/\xf2\xf6\xfe\xfe\
\xb8\xd0\xa9.\x0e,#\x17\xd7\x10\xbf\x7fz&\x13\xd7\
F\xe5\xdaJ\x84\x8a\xfc\x82v0\x0e\x18H\xb8\xc2!\
\xc2\xfd\xee\x02\xcb\x1c\xf0\xfa\x86\x12\x18\x8bk\x13c$\
F\x8e\xb5\xc8D\x81\x8c\xc3\x1d\xac\x1c\x1b\xe5\xa2\xa0\xf6\
\x08s\x12\xcfX\x849\x10y\xd6\x0as\x1c\xc7\xc6k\
\x5c'\xdeG\xb5\x87\xe3\xe1\xdaq\xdd\x98Ck\x9c\xbb\
\xad\xdePi\xcc\x1d[\xcau\xccc\xaf\xdc\xc5H\xc0\
\xf5Y\xe6W\x8e\xb8\x9f\x17\x8f\xfb\xc4N\x95\xbcB\xbd\
\x8c~\xb4=\x8c\xe3+\xfe\xa5\x13\xf0\xae\x13\xe3\x9cD\
\xbf\xe8\x84\xa1~\xf42\x8e}*\xba\x22\x81'&\x9d\
\xf9\x9c;1xIg\xe7&\xd6R\xbe,^\x8f\xfa\
\x82\x5c3,7>\x0f\xeesg\xa6\x8e\xd5\x95\x08s\
\xd5\xd9\x8b\xa4Z\xa8\xadc\x19\x93\x80|7$\x8c\xf1\
cG\x84\xcc\xeae\xe9\x17\xadY\xdb\xf3\xea\xb2\xb2_\
\xfa\x97*\xae1\xf0\xa7\xda\xee\xe3\xf9\xac[v\x9b\xb5\
\xd4y\xde\xb0\xfd\xa8\xf7:\xd5Q8\x187\x1ek\x04\
\xca\xfd\xb9qBv\x9cz\x18\xef\x89\x8f\xb4\x90\xe0>\
\x12\x18+B\xd09\x06\x15\x1d\xe6|@\xb80\x0b\xe1\
\xf8\xf2t\xf1\xa5C\x12u\xd7!\x05c\xf5\xab\x0e\x81\
\x8f\x99q0\xbe\xaeE`>O\xda\xc7\xb0\xd48\xbb\
\x9b\xdc\xa1\xf8\x0b\xa2\x10\x9ew\xaeW\xf7\xa8\xf6\xa9\xbc\
\xf4\x0a\x9e\xc0s\x93\x87\xdc/s\xb3\xfb\x98\x91\xb9\xd9\
{i=]k\xe9a\xa1\x0a|\xa6\xb0R&[\xce\
B\x11\xb8Fea\xa2&\xc4BM\xa5T\xde\x079\
bEJ\x19\x00\xd6##s>\xe7\xac\xc4\xdaF-\
\xe2`mb\x1e\xd55\xee5\x819\x96\xa2C\xce\x85\
LG{6X\xbaV\x9ei\x057(\x94\x99\xaa\x14\
\x9f\xe3X\xa9\x22(\x0d\xd65\x5c\x15A;\xd4a\x81\
5\x8d\xd6X\x91\xd6\x04\x87F\x85\x94\xaa\xa5\x84\xb9o\
\xc6\x98s\x99M\xf1\x83O\x99\xfd\x9dK\x1a[\x15\xe3\
\xf9\xd1\xd1\xb2\xad\xe6\x9e\xe0\xa4\x1f=X\xfd\x9b\xd6\xcb\
\xffK\xbf)\x03\xf3_\xad,\x06\xa2\xe3Z\x11H\xf8\
\x1a\x8b\xb3\xd9\x8dw\xf7\xba\xf1\x92_\xdf\xf2\xe4\xb4\xb5\
\xae\xa2.\xbc\xbeV\x95\xa4i7*\xb9n>u\xa8\
\xfe?t\xe8s\x06\x14\xdc3\xe9K\x83zyW\x94\
\x859\xac\x98\xc3\xb0<F\x96\xa0]UE\x87\xe0T\
\x1d\xa8\xb5\xcf\xa9\xb9\xa2\xc8\xea\x1b\x08V\xb3e\xe2\x8c\
}ZG\xb8\xa7\xe6\x05%\xea\xc4\x17\x94\x92\x9f\xf1\xbf\
a\xa3\xdc>0\x98j\x93\xf1\x99\x81\xcf\x94\xafw\xa6\
\xf3\xb5\x9eK\xd4\x9b\xa9/#o\xe5y\x95\xec\x12\x0d\
H\xe5\x17M6\xea\xa8[.,\xc2\x0a\xe5\x93|\x11\
\x17\xc4\x9dg\xe4\x11Q\xe6\x15\xd7\x84\xe3\xacz{\xd4\
\xe5\xe2%\xfd\xe0\xfeM\xb7\x16\x84\x8bu\xcf\x17\xf2T\
\xe4F\x9d\xc0\x1a3\xc73\x809\x81\xb1\xcf\x95\x1d\xdd\
\xca)<\xfbX\xe7\x1d\xf2\x9b?\xa1\x099\x1d\xcf\x11\
@\x7f\xe9\x00\x13\x7f~/\xa4~\xfb\x8f\xef\x85\x7fr\
m\xfa\xde\x00\xe24\xe7\xcd\x86\xb3tqWE\x5c!\
0<\x02Q\xd5F\x91((\xa2\x08S\x17\xb0 \xe2\
\x18\x10\x1b`\xe1\x82\xcd\xebX\x9c\xbc\xa4\xa3Y%\xe8\
\xd1a\x85\xc8\xc3\x1e\xdf\xb1\x81Qt\x8a\xb3T\xdb\xea\
:\x0b\x06()\x86\xdf\xf2\xba\xc3\x9a\xba\xbe\xe1\xda\x05\
\xfc\xa6\xdd\x17\x91\x87\x8c>pW\x85i\x05@\x1e8\
\xd0)\xf9\xdf\xb1\xc0\x9a^\x1a\xe3\xb9\x13\xe9\xd3\x19\x84\
9'\xe4\xb1\xb7V\xa2C\xb1\xbaaMf\xf5=\x08\
\xf9\x96\xc0\xdf5\x80VX\xbf\xd3X}\xc0s\xeb\x8e\
>\x8d\x1d}N\xa7\xed\xef>\x85\xd3;~\x00&\x8c\
T\x13\x82j\xcff\xdf\xcf\xa06:p\x12\xab\xec\xb2\
\x16w~\xcc\x97\xe5z\xf8=\xdf\xe8\xeb\xdc\xf8\x96\xd7\
a\xd2\x07\xdc\xcf\x01\x22\x05*\x02\xecO\xc2N\xa1W\
\x18+\x81a>\xae[n\x0d\x08\x11@)^2\xc5\
M>\xc0\x88\xe7\xd5\x03q;lr\xcdl\xb8e\x90\
\x06\xe4\xab\xbc\xd8][\x9b\x90\xc3\x82O.P\x99\x07\
Y0\x9b\xfb}\xda\xf1`\xaeW\x8b\x1d\xbd<\xda\xc4\
,\x89\x1d\xc2D\xaf\xc5\xd1[m\xf8Wb\xde,\xb4\
\xd4b\xa1\xa5\x00z\xc40`[\x0e\xceZ\x9d\x03\xad\
\xb8\x8e\xd8{\xad\xeb\xdd\x81cS\xa0\xc0\xa8:\xc3\x88\
\xe3\x80\xb3\xad\xecH\x84\x0a\x98p\x0f\xb8\xfb3\x0c\x16\
\xf4v=\xd6n\x10)\x84Q\xcbW\xe00\xe4\xeb\x04\
\x8a\xbc\x86\xf8K\xfa\xa2m\xb9aQ\xbd\x94\xca\xda\xb6\
\x15\xb1e\x22G\xdcTH\x1cR\x02\xbfOaQ\x0b\
Z\x04\xc4V\xb1\x95\x80\x97h\x186\xb2l:\xaf\x9a\
q\xe5Veu\xf2<\x804T\xce\x5cp\xb6\xfb}\
\xcb\x03t\xdc\x9c\xb7C\xc7S\xb7m%\xa9G\xf2\xe5\
\xc0\x04\x11i\x0b \x85\xadM\x0e\xc1\xca\x12NNv\
*02\xfc\xa9%\xf5~\x97\x9e\xc9A:\xd6\x92\xb2\
z!\xcf\xb8\xd6\xddVV\xb4\xad\x96n\xae\x89\x9dV\
\x87Y}8\x84\xc2\xcah\x0b\xfc\xbd\x04c\xc4gj\
\x19\x81\x87=\xeca\x0f{\xd8\xc3\x1e\xf6\xb0\x87=\xec\
a\x0f{\xd8\xc3\x1e\xf6\xb0\x87=\x0c\x80-rt\xae\
\xad\xd1\x95\xae/\x8dB\xe9\xdc!d\xe7\xe1\xfau\xc7\
\xde\x8aWAP4^\xd3}\x86\x9a\x8ba!\xbc5\
\x0cA.\x82\x99\x87\xfa<\x13\x1aj\x19R\xc9y\xd5\
\xa7\xc0\xd0\xfb>Y\xbfY-\x0b\xabu\xa82^\xd1\
\x98\xd5\xfb\x8f\xd9\xdf\x7f\x13\xfe1\xfb\xfa\xb5\xf8\xb7\xa7\
\xa7\x1f\xb5\xdb\xc4O\xc1\xfbsA\x91O\x14\xf9;\xfd\
\xc7\x9c\x9e\xfe<?\xcd\xa6}?9\xfby\xf8\xe4w\
\xef\xcf$\xf9\xfc\xe4\xf7\xf7\xff\xe7\xf7\xe7\xb7\xe9\x96\x1f\
\xe3/\xe8?\x7f\xfb/\x97\x92\x05\xba\
\x00\x00\x01\x05\
<\
svg xmlns=\x22http:\
//www.w3.org/200\
0/svg\x22 width=\x2224\
\x22 height=\x2224\x22 vi\
ewBox=\x220 0 24 24\
\x22 fill=\x22none\x22 st\
roke=\x22currentCol\
or\x22 stroke-width\
=\x222\x22 stroke-line\
cap=\x22round\x22 stro\
ke-linejoin=\x22rou\
nd\x22 class=\x22lucid\
e lucide-chevron\
-right preview-i\
con\x22><path d=\x22m9\
 18 6-6-6-6\x22/></\
svg>\
\x00\x00\x09\x14\
\x00\
\x00 \x5cx\xda\xedZY\x93\xaa\xc8\x12~?\xbf\xc2\
\xf0\xbc\xdc\x1bgfd\xb5\xdb\x89\xee\x13Q\xc8\x22\xca\
\x22\x88,\xf5\xc6\xa2\xec\xa2\x02\x22\xfc\xfa[`\xeb\xf4\
\xe9\x99y\xb8\xef\xe6\x83PYTV\xe6\x97\x99_\x11\
\x81o\xe5%\x1c]\xf3\xecP\xbe\x8f\xa3\xaa:\xfe9\
\x994M\xf3GC\xfeQ\x9c\xc3\x09\x81a\xd8\x04=\
1\x1e5qPE\xefc\x9cx\x1d\x8f\xa2]\x1cF\
\xd5\xc7\xe0\x12\xef\x1a\xa6\xb8\xbe\x8f\xb1\x116B\x9a\xd1\
\xa0\x1d,\xfe\xe9\x13G\xf7a\xb6\x1f\x0cFs\xf7\x10\
\xefwe5\xfe\xf9\x96\xef*7p+\xf7\xe7[?\
\xfb\xe7}\xe6'\x00\xc0\x0a\xf3#\xeeY\x22\xba\x05;\
\xf7`VP\x90[_\xe0\x00\xa7\x01-D\xcaS\x08\
\xa8\x9c\xe4X\xa7[6\x8e\x86\x14\x0c\xf4\xfb\xe7\x9c~\
\x92\x0bN\x81\x85\xa7h\xaeBs:`\xe6H9?\
\x016\xf6|M\xc1\xfd\x9c\x9a\x0e\xeb\x8cc\x0e-\x98\
+\x96C+-v\x95\x0d=\x95\x0c=S\x05\xaeR\
\xd9\xb0\x917\x18)'|\xa2ti\xe3\xe4f\xac\xb0\
i\xef\x0f\x9b\x11\x0f\xdf\x8ew\xdf\x1c[\xfeg\xdf6\
t\xe4\x93J\xe6\x1f\xf4\xa3G\xd0]\xbf\x08H\xd7\xde\
\xbf\xb8\xbf\xd5\x85\xde\x96\x9e8\xf9\xac\x05\x0c\x8a\xaf7\
\xbb*\x80\xba\xac\xae\x1c1\xc4\x5c\xbb\x16}\xf0s3\
u-\xb3\x0e\xe64!7\x83\x15\x07\xd9\xef\x5cV.\
\xb3\xb0LYK\xedd\x92\xd8\x10\xbb:\x99\xbd\x0e\x80\
4\x0e\xb1\xbc\xf8'\xe5\x88\xfc\x9bBd\xdf\xb3x\xcc\
\xb3\xb2\xca\xb1\x82L\x22\x15\x02\xb6\x15\xe5Y\xd7\x13\xb2\
\xdf\x05\x02_;\x84\xb9\xd4\x17a\xb9\x13\xf0F\xcd\xb3\
#d\x8b\xd6IBZ1|Jn1\xdc\xe9\xb6\x94\
dh\xb8j\xf4\xf8\x00\xccA\x98)\x82\x92\xca\xb9\x86\
\xcb\xb9\x129\x1d_\x22?K\xc7\xbe\xc5\xea\x0aY\xe3\
.\x98\x08\xe9\xea\x80\x9b\xe5\xbdS\xd4#\xaf\x0cs\xc3\
N\x89=R\xfc\x8a\x9dq\xc7\xce!o\xb6\xa4\x83\xd3\
\x0eQ3Q\x22\x1f\x94\x02`\xaa\xbb\x0b\xf4uj\x92\
4\xber4R\x12\xc1\xb9\x0f\x1bf\x03\x96E\x1e<\
\xd6\x86\xa7e\xeeX\x0a\xe6Z\xb3\xda\xfd\xc0\xd4#\x99\
\xcc\xeb1=\xf4\xfe\xf1\x15\xb4u\x94#5r\x89\xac\
\x86\xe42\x83B\x96y\x07\xbd\x0b\xdde\x12\xd8\xcbr\
7\xc7;h]sq\xc8\xfd2_[7;\x8e\xad\
t\xd0^\x0e\xb6\xfdv\x86|c\x22)\xfflC\xab\
\x83DI]\x81\xef\x5c>\x0cC\xcc\xa9\xe9Y3\xf9\
aX\xb5\xf3\xaaV\xb6\x82\xc1R\xc2\x08d\xfeuU\
\xc1#\xe4\xa8\x1f\xce\xab\xb7\x16\x98M\x0as>\x09\x84\
\xec\xe2\x1d\xc2\xc0!f\x95\x94\xf3u D-\xf2\xfd\
\xe8\xb4t\xe2\x09<\x0e\x85m\xed/\x96\x97 \xcfR\
h\xe9'_\xe0[\xc7\xc2\xb3@0[\x7f\xcaS\x0b\
B\xb9x\x08G\x14K\xe1\xe7\xb3\xc6\xb5d\x14\xfb\xf2\
\x08Q\x9c\x92\x85\xe6r\xb4\xa7`\xf6\xb9?\x04\x16}\
\xf6\xf2\x19\xe9\xe5U\x0am%\xf1\xf3\xac\xb9\xed\x1f\xe5\
\x1aq\x8d\x02K\xcf\xc4\x05\x83\xf6\x1f\xd6\xa4\xe2B/\
\x5c[\x0ea\x9e\x95p\xc3D\xc1\x9c\xc1\x5ca\x1b\xa2\
|_\x03\xcb\xec\xd0\xf8\x02c&\x12\x17&\xc2H\x0c\
\x1d\x8bNE\x01\x8fv\x1b\xa6pl\x98\x89\x82\xd2B\
T\x93\xd0\xd2BT\x03\xa1g\xcdP\x8d#\xdbh\x8c\
\xe2D\xf3\xf0\xe8!{(v\x147\xaa\xa1\x05\xf2\xdd\
V.\xf0\xa0\x93\x8e\xbd\xcc4T\xc7\xdea\x13A\x01\
\xc5g\x99\x0f\x1fQ>K\x8f\xbbc\xa7,\xbd\x5c)\
{=\x5co\xfb\xf6\x15\xff\xe2\x09\xe6\xc6\x13}\x9f\x84\
_xBW>r\x19E>\x11\xd6P\xe0\xb1\x81g\
\xee}'\xe6\xc7\x0b\xb6\x16\xa4} l\xa4}\x8a\xf9\
\xa2\xee\x17e\xbf\x1e\xdc\xfa\xceL\x1c\xebz\x80\xa8V\
\x1dC\xc4\x95\x5ci\x1cKW\xc0W\x11t\x84\x85R\
Xs6\x98O\x93n\xf1\xba5K=\xdb\x13bs\
\x92\xd8h\xb5]ct`$\xa7\xdcek\xab\x96V\
\x05#\xe0%\xa1\xd7}\x8e\xbd\xfcV\x8b=\xa6^\x9e\
\xe5(g\x98\x9b\x9b\x94C\x5cq\x9f\xe8cW\x99\x22\
7\xfb\xden\x03&FLwEk\x02\xcce\xd2\x1d\
\xd3\xef\x9d\xd0\x0f\x1eZ\x127\x1eB}\x5c~\xe5!\
\xf0\xd13\xc8n\xe4Z\x18\xaa\xe7\x81\xfb\xe6,\xd1\xf7\
\xee*s\x08\xbe\x84\x04D\xfd\xce\xb5\x8a\x01\x8fh\xef\
\x83\x97\xf3\x18\xea\x9bl\xc7}\xe9\x9b\xcdG\x8f\x90f\
\xeb%\xc7\xe1^\xcda\x06s\x07\x87IJJ\x06\x87\
8E\xab\x14aK9\x1b\x8cB<s\x95\x0c\xbf\x95\
-\x99T\x0d&\x86\x96\x88\xa9w\x1b\x07\xc4m\x04\x1d\
\x05\x0b\x13\xd5\xd1\xf1\x88r\x8d\xa1\x1aK\xe06\xe3v\
\xf3+\xe5\xd9`\xeaZY\xaa&>\x0eY>\x85\x06\
\xd7H\x86\x928\x86_)\xac\xd8\xc2\x0dF+,\xa2\
\x0e#J\xa0\x11\xc5\xb2\xb5\x8cT\x01&\xaa\xbdD\xb5\
oF\xa8\xe6R\x9b\xe0;\x9f0\xdb[-\xa9l\x91\
\xf7\xe7\xc7\x95\x92l%\xf3\x04'\x19j)wf\xff\
\xc4\xf5\xd2\xbf\xf17q\xcf\xf9\x9c\xd5\xe3\x97\x03\xc9N\
h\xc5\xa5\x93f\x8a\xfb\xa4\x9e7\x17\xc3\x91\xecus\
\xc2QO\x1b\x09\x9d\x5c\xcbW\x87_\xddy\xe8\xf8\x7f\
\xf0\xd0\xbd\x07d\x94\xb3\xe5\x83\x83\xb0,\xaf.\xb1\x1b\
\xcd\x8a2:\xdb\x8aY\x9e\xcf\xa7\x044\x1c\xa9\xf0Y\
\xd3\xda\xe7\x99\xfd\xea\x9cB^I\x8e\xf3\xd8\xe9\xf3\xb4\
\x08QN\xcd\x12\xc6\xcaP/0\xc1\xef\xf6?a#\
_>0\x18b\x93r\x1d\xe1\xc7?\xf6\x14|y\x89\
\xeffWn\xbbv\xf9\xa4-\xf8\x8c\xe2&\xbe[\x84\
\xb5\x8f\x9a\x98\xe6\xa5l\x1fE\xc52^-2\xecV\
g\xf8\x1e\x12f\x8dbBvf\xad\xdd\xf3r\xfe#\
\xf9\xe8\xf5\x8bf\xd1\x98\x8bx\xcf\x17\xb2D\xe4z\x9e\
@\x1cCB\x84\xbd\xd2c\x9f\xc9\x1b\xaa\x91\x12\xe6\xec\
#\x9eG\x95\xf5\x97>\xa60)\xe9\xcf\x11@=x\
`\x1e\xdd\xdf\x17\x12\xbf\xf9\xdb\xfb\xc2\xdfkm8^\
\x818\xf4y\xb5\xe2,M\xdc\x14!\x97\x0bs\x1e\x82\
\xb0h\xc2P\x14dQd\x12\x17\xb0 \xe4\xe6 \xd2\
\x01\xed\x82\xd5K)\xd2\x984\xa5\xc2I!h\xe1v\
\x06\xf1\xad\x81\x9eX1ax\x8a\xd2D]k\x1a\x0b\
:f)\xeb~\xc3k\x0ekj\xda\x8akh\xe6\x13\
w\x97\x22\xcf\xcc\xb5\x8e\xab\xe5y#\x00|\xcb\x81\xab\
\x9c\xfd\x8a\x05\xe2\xf4\x83\xde\x9f;\xa16\x9cA\xa8\xe6\
\x84,\xf2\x16r\xb8\xcdg\x17\xc4\xc9\xacf\x80\x1d\xdf\
`\xad\x92\x00Jf\xfd\xab\xcaj\x1d\xea[\xb7\xd7\xa1\
~C:\xe7\xaa\x1a7\x9d\xcciW\xbe\x03&\x13*\
&\x03\x0a\x83M?\x9fAM\xb8\xe5\x96\xac\xbcI\x1b\
\x94\xf9\xde_\x96k\x99\xcf\xfe\x86\x8fs\xe3\x93_\xdb\
\x81\x1fP>;\x06\xca\x8c,0\xedI\xd8\xc8\xd4\x0c\
a%\xcc\xe7\x1f\xf7\x0d\xb7\x00\x98\x08\x98e4\x9d\xe7\
\x17i\xcb\x84<\xafl\xb1\xcbv\x95\xa9f\xc5M\x83\
$\xc0_$zS76&\xedr>.\x19\x99\x0c\
\xd2`B\xfamr\xe5\x01\xa9\x15\xf4\x86\x9a\xeeml\
\x12G\x0ef\xc2\x97|\xef\xcdV\xfc\x0bFV\xb4\x9a\
X,c\xc9\x80\xea1\x0c\xd8\x86c&\x8d\xc6\x81F\
\x5c\x84\xec-\xd6\xc5f\xcb\xb1\x09\x90\x99\xb083!\
\xc7\x01g]\xd8\xa1\xc8\xc8`\xc0=\xe0nk\xe62\
\x00\xcd\xa2\x8f]\xc7\x12\x86\x09\x1b\xbe\x00\xdb.[\xc4\
\x8c\xc8\xab\x90/\x93\x1f\xea\x9a\xeb\xe8\xe2\xc7A^\xd8\
\xb6,6\xf3\xd0\x11W\x05\x14\xbb\x04C\xfb\xc9,l\
@\x03\x81\xd8\xc8\xb6\x1c\xf0K\x8a\xd9U\x92d:/\
\xaa^s\xb3Cq\xf2<\x00Ux\x98\xb8\xe0l\xb7\
F\xc3\x03\xb8_\x9d\xd7\xdd\x95'.\xebb\xa9\xec\xf1\
\x1f\xdby\x10\xe2\xb6\x00\x12\xa6\xb1\xf1.\x98Y\xc2\xc9\
IO9B\x86?5\xb8\xd6n\x923\xde-\xf7\xc7\
\xa5<\xfb\x81\x9fQ\xac\x9b\xb5$\xabk5Y\xd5\xb1\
\x9d\x14\xdb\xc9q\xbb\xdd\x093\xbd\xc9\xd1\xfb\x12\x13A\
>U\x0e!x\xcaS\x9e\xf2\x94\xa7<\xe5)Oy\
\xcaS\x9e\xf2\x94\xa7<\xe5)Oy\xcaS\x00XC\
G\x93}_4D\x81:-\xea\xd3\xa5X\xe35i\
+/Z|dN\x0c\xad\x81.J6\xc7\xad\xed\xf8\
\xf3\x95Qw\x98\xb1\xa2I6\xb0\xea\xd72\x93\xe2\xe6\
\xa8T\x89\xb3'\x0c7\x9d\xb2\x1b\x00\x17\xa5n\xd3E\
\x98\xa3E\xe9\xfb\xdb\xe4\xd7o\xc2o\x93\xc7\xd7\xe2o\
o\xc1n_\xfe|\xcb\xe2\xc3\xce=\x0bg7\x88w\
\x87j\x14\x07\xef\xe3p<\xba\xe2\xefcl<jo\
\x97+\xf1>\xc6\xd1h\xb8\xfc|+\xab\xe28*\xf6\
\xfbrW\x0d\xd3\xfd\xf8w\xbf\xc8\x8a\xf3\xfb\xf8;E\
r\xb3\x17f<\xf9\xf2\x18\xfe\xe51\x82\x00\xd8tx\
l\xf2\xab\x07H18\xf6\xed\xed\xbc\xf3\xab\x7f\xfff\
~\xbe\xbe\x8fI\xb4\xf9>\xce\xb2\xf7q}\xce\xfe\xf3\
=\xfc/\xb2\xf7\xed\xedXdmX\x1cF\xc7\x22>\
T\xe5\xfbxJ\xfdFLG8F\xfc6\xc5F\xb3\
\xfb/\x8ea#rz\xbf \x1d\xd1\xff\xde\xed}\xdf\
\xef\xf7\xbd\xc7\xe7\x22\xdd\xfd:\xfa\xfd\xc3#\xea\xa1\xe8\
\xfdO\xd0^\xef\xe3sQ\x1f\x82\xc1\x87\xc1w\xe4!\
M#\xd8\xde\xc7/\xd8__\xff?\x05\xd2\xfb\xdf\xc7\
A=\xb6}\xc0\xf2\xed\xad\xff\xcf\xc0\xcfo\xff\x03m\
IP\xba\
\x00\x00\x09+\
\x00\
\x00!\xa1x\xda\xedZ\xdb\x92\xaa\xc8\x12}\x9f\xaf\xe8\
p\xbf\x9c\x13\xc6l\x01\xc1n'\xbawD\x157A\
\x01A\xb9\xd5\x1b\x17\xe5\x0e^P\x90\xaf?\x85v;\
\xbd{\xf6\x9c\x98y7_\x84*jU\xe6\xca\xccU\
D\xe0\xeb\xf1\x1c=\xb5E^\x1e\xdf\x06q]\xef\xfe\
\x18\x8d\x9a\xa6\xf9\xde\x8c\xbfW\x87hD\x11\x041\xc2\
O\x0c\x9e\x9a$\xac\xe3\xb7\x01I\xbd\x0c\x9e\xe2M\x12\
\xc5\xf5\xfb\xcd9\xd94\xb0j\xdf\x06\xc4\x13\xf1\x84G\
\x9e\xae\xa3W\xc4?\x02j\xe7\xdda\xfb\x9b+h\xe1\
\x95\xc9vs\xac\x07?^\x8bM\xed\x85^\xed\xfdx\
\xedg\xff\xf8\x98\xf9\x01\x00\xb0\xa3bG\xfa\xb6\x84/\
\xc1\xc6+\xad\x1a\x89\xca%\x10y\xc0\xeb@\x8f\xf0\xe0\
>\x02t1\xe69\xb7\x93\x1bW\xc7\x03\x10\x05\xfds\
n?\xc9\x87\xfb\xd0&3<W\xe39\x03@\x16\x0f\
\xb2{\xc0%~\xa0\xabdP\xd0\x93\xeb\xba\xf5.u\
;#WE5A,1V\xb9\x80Y\xac\x8dL\xa5\
\xcc\xda\xb5\x15JY\x11\x0cZG\x84\xbb\xd6/na\
Rjj\xf6\xfep9u\xf7m\xf7\xe1\x9b\xeb(\xbf\
\xf6m\xc5\xc4\xc1X\xcd\x83\xd2\xd8\xf9\x14\xd3\xf5\x8b\xc0\
\xa2\xed\xfdK\xfaKC\xec\xb1\x8c\xd4-\xa6\x17\x00q\
|=\xec\xbc\x02\x9a\x5c\xb7<u\x8d\xf9\xe4\xd9L\x19\
\x14V\xe6\xd9\xd6)d\x19Ji\xae(.\xc6\xef\xbc\
Y>\xcb\xac\x99\xb9\xd9\xb45\xf3\xdc&\xc9l\xbf\xd1\
fWB\x1a\x97\x92\xcf\xc1^\xdda\xff&\x08\xe3\xfb\
\xb6@\xf8v\x8ec\x0b\xf3\xc5X\xa5\xd0\xa5\xa6}\xbb\
\xddc\xfc.\x14\x85\x93KY\xb21\x8b\x8e\x1b\x91l\
\xb4\x22\xdf!n\x17#[H\xb4\xb5\xd4)\x17\x82R\
:\xbe]\xacuJ\x15\xdd\xda]\xc3\xc2]\x91\xb9b\
\xa3BM\x95\xd6M%\xcc\x1f<b?\x8f\xaes\x8b\
\xd5\x13\xf3\xc6\x9b\xc1\x18\x8f\x9dB~Z\xf4N\xd1\xf7\
\xbcBx\xe3NM\xfc\xb1\xf4\x95\xbb\xf5\x07w\xee\xf8\
\x86\xb5(\xdd\xcb5j\x18\xa7J\xa9Vn\xdc\x8c\xb5\
\xcb\x85\x99\x0cw\xf2\xeeX\x06\xc3\xf1\xb2\x10z\x00\x94\
_\xb9\xac\x8a\xf0\xbe6\xda\xcb\x85k\xab\x84gOO\
\xde;\xa7\xfe\x18\xe6~\xcfi\xd9\xfb'\xd4\xc81p\
\x8e\xb4\xd8\xa3\xf2\x13\x1a\xcb9\x12\xf3\xdc/\x8d.\xf2\
\xe44t\xe4\xe3\x86%;d\xb7\x85t\xcd\xbd\x5c,\
\xed\x1b\x8e\xeb\xa8\x1dr\xe4+vp\x99b\xdf`\xbc\
(>c\xe8\xa70U3O\x14:O\x88\xa2`\x9b\
F@\x80\xc3<`[J\x1c-\xbb\xa3\xb4\xcd\x85\xbd\
\xf9L\x1d_\x9e#\x13\xb1Q\x1c\xa3,\xf6!J2\
T\x08i(\xe6g\xbf\x8cB\x97\x9a\xd6\x8bB8\x85\
b|\xc1\xbe\xef\xdc\x0b\x93\xfa\xa2@\x22\xd1<\x053\
\xf9\x1c\x16y\x86lc\x1f\x88\xc2\xc5\xb5\xc9<\x14\xad\
K0\x11\xe8\x19\xa5\x9e}\xcc#\x8e\xa5\x0a\x8ai\xe3\
\xd9\x0a\x8e]\xde!\x1c\xe7\xc2\xc6s\x05\xc2\xf5a\xf5\
\xb9/C\x9b9\xf8\xc5t\xec\x17u\x86\x1c5\x0d\x8a\
\xbc\xb9\xed\x1f\x17:\xd5\xc6\xa1m\xe4\xd2\x0c\xe2\xfd\xaf\
k2ifT\x9e\xa3D\xa8\xc8\x8fh\x05\xe3\x90\x85\
\x84'\x9a\x11\xcew\x1b\xdaV\x87\xef\xcf(\x81\xb14\
\xb30GR\xe4\xdaL&\x89d\xbcY\xc1\xcauP\
.\x89\xea\x05\xd7\x17\x81l=\xc25\x10\xf9\xf6\x14\xd7\
8\xc6\xc6\xf78N<\x8fv>\xc6\xc3\xb1\xe3\xb8q\
\x0d\xcd\xb0\xef\x8ezF\xa51v\x1d9\xd7q\x1d\xfb\
\xe5*F\x22\x8e\xcf\xb6\xee>\xe2|\x1e}\xfe\x83;\
U\xf6\x0b\xf5\xd8\x8f\xa3e\xdf\xbf\x9c\xf4\xa7N\xc0\x9b\
N\xf4}\x12}\xd1\x09C}\xcfe\x1c\x07TtB\
\xa2@\x5cu\xe6\xa3\xef\x96[]\xed6\xab\xf9\xb3a\
\x95[T\x8d\x86\xf4\xc1\x99\x04\xfdzp\xeb;+u\
\xed\xb6D}\xad\xae%R-\xd4\xc6\xb5\x0d\x15|5\
\xd1\xc0\x5c\xa8\x95\xcd\xb2#\xd65#\x9eo\xca\x96\xe2\
=fDS\xa4\xe7\xcc\xe6\x18\x18,\xf6#\xd9\x12)\
>A\x9b\xe4yt:\xd8\xc6\xa9\xcf\xb1_\xdcj\xb1\
\xe7\xd4/\xf2\x02\xe7\x8c\xf0\x0a\x8bv\xa9\x96\x0c\xa8>\
v\x0dV\x85\xd5\xf7\xf6%\x84\x09\xee\xd4\x16\xaf\x09\x09\
\x0ff\x1b\xd8\xef\x9d2w\x1d\x92\xa9\x9b\x0e)\x98\xab\
\xaf:\x04\xde{\x06\xe3\xc6\x9eM\xe0z\xbej\x1f\xcb\
Q}\xef\xces\x97\x12\x8e\x88B\xb8\xdf\xf9\x8b\xbaF\
;\xbcw\xe9\x17\x02\x81\xfb&\xdf\xf0_\xfaf\xf5\xde\
#c\xeb\xe2\xa7\xbb\xeb\xb5\x86\x15D\x15M\x02\xf3\x96\
-\xd6\x01\xa1vY\xad\x8a\xfa\x18\xad\xc8\xd8\xed\x5c\xac\
9y\xaeqF\xacrr\x82\xd6.\xa5~`\x94X\
\xdb(&\x0eg\x16\xae\xa3\xdd\x0e\xe7\x9a\xc05\x96\x22\
3\xe77lK\xfb\x0e\x98xv\x9ei\x85K+\x1c\
\xd6yJ\xa2\x17\xb6K*\x85R\xab\x9cN*,A\
\xbb\x85\x95,l\x9eQ\xf0/*\xf8\x16qXu\x1d\
\x19\xd7\xbe\x15\xe3\x9a\xcb\x1cJ\xe8\x02\xca\xba\xdcjI\
\xe3\xaa\xa2??Zz\xe1\xa8\xb9/\xba\xe9\xb5\x96\x0a\
w\xfa+\xad_\xfc\x9d~S\x1f9\x87\xedP\x03\xc0\
\x9cM\xacf1s\xfd\x97\x91\xd6\xc4C\xd3\xde\xad\xcf\
^\xd7\x9d\xa0\x91\xcdYQ(V\xc2Q(\xe6\x1f:\
\xb4\xfb\x17:\xf4\xd1\x03\x0a\xce\x99|\xd7\xa0p[o\
\x92\xd2\x96\x0f\xa3d\xbc\xad\xc1e\xf62\x9dfg\xe1\
$\x0f\xc7\xc3|\xa1\xad\xa8!\x91\x92\xb4\xa2\x8d\x0eI\
\xe2\xf6y\x9aE8\xa7\xd6\x11%\xea\xb5^PJ~\
\xe0\x7f\xe2F9\xbfsp\x8dmQ\x18\x98?\xe1\xbe\
'{\x99v\xf98@\xd5\xc4\x87\xec\x8cO\xf8p\xf7\
\x12G\xb3\xb1\xd8\xb1\x0cI\x02!\xe2\xaa\xca\xccU\x87\
b q\xab3r\x8b(\xeb\x84c\xc28\xd3\x8b\xd3\
\xebr1L\xdf{\xfd\xac\xdb\x0c\xe1a\xdd\x0b\xc4<\
\x95\xf8^'\xb0\xc6\x8c\x11\xe6^\xed\xb9\xcf\x95\x15\xdd\
,Rx\x08\xb0\xce\xbb\xe4\xa7\xf1\x84&\x16i\x7f\x8e\
\x00\xfa\xae\x03l\xfc\xf1\xbe\x90\x06\xcd_\xde\x17\xfeZ\
k\xd7\xe3\x15H\xd7>\xaf\xe7\xbc\xadK\xab*\xe2\x0b\
\x91\x15\x10\x88\xaa&\x8a$Q\x91$\x98z\x80\x03\x11\
\xcf\x82\xd8\x00\x8c\x07\xe6\xcfG\x89!\x16\x13:\x1aU\
\xa2\x1e\x99SD\x9ak\xfc\xc4\x1cF\xd1>\xceRm\
\xa9\xeb\x1c\xe8\xa0\xac\x18A#\xe8.g\xe9\xfa\x9co\
\x18\xf8I\xbb\x8f\x92\x00Y\xbd\xe3O\x0a\xdb\x88\x804\
y\xd0*\xf9\xcf\x5c`M/\x8d\xfe\xdc\x89\xf4\xeb\x19\
\x84kN\xccc\x7f\xa6Df1=cM\xe6\xf45\
\xd8\x08\x0dqQS\x80\xfb\x22h5N\xefp\xdfz\
\xfd\x98\xc6\xf5cn\xab\xadoc\x0a\xaf\xb7B\x07,\
\x18\xa9\x16\x04\xd5\x9a\xcb>\x9fAMd\xf22\xa7\xac\
\xb2\x06g\xbe\xf7\x97\xe3/\xf0\xb3\xbf\xd1\xfd\xdc\xf8\xe4\
\x97y\xd5\x07\x9c\xcf\x0e\x22\x05*\x22\xbc\xec\xc5\x95B\
O1W\x22\xcb\xbe_7\xfc\x0c\x10\x12\x80r<a\
\x8b\xf3\xc2\x84\x91 \xa8&q6\xe7\xb9f\xd5\xfc$\
LC\xf2y\xc1\xacN\x8dC,6\x85\x90\x1c\xa12\
\x0e\xb3p4\x0e.i+\x80\xb1^1+z\xb2u\
\x88Q\x12\xbb\x84\x85\x9e\x8b\xad?\x9d\x0b\xcf\xc4\xb8f\
\xb4\xd4\xe6\xa0\xad\x00\xba\xe70\xe4\x1a\x1e\x8e\x1a\x9d\x07\
\x8d4\x8b\xb8[\xac\xb3\x95\xc9s)P`T\x1d \
Ve\xe0.+'\x92\xa0\x02\xae\xbc\x87\xfcm\x0d\xab\
\x00\xd0\xcc\xfa\xd8\x0d\x22\x850j\x84\x0a\x98]>K\
\xa0$hH8\xa6Cm\xc9wL5,\x95\x99\xe3\
(R\xc3F\xae4\xaf\x90\xd4\xa5\x04\xdeO\xe1P\x03\
\x1a\x04\xa4Fq\x94P\x90i\xb8\xa9\x17\x0b\xcb}\xd6\
\x8c\x13?-\xab\xbd\xef\x03\xa4\xa1r\xe4\x81\x83sY\
7\x02@\xdb\xf9a\xd9\xb5\x02u^V\xb2\xba%\x87\
&\x1bF\xa4#\x82\x146\x0e\xd9\x85S[\xdc\xbb\xd9\
\xbe\xc0\xcc\x08\xfb\x86\xd4/\xab\xf4@v\xf2v'+\
\xd3!y\xc0\xb1\xae\x96\x0bE[j\xe9\xfc\x948i\
e\x8ev\xa6\xb9\x11\xa7FS\xe0\xf7%\x18#!S\
\xcb\x08<\xeca\x0f{\xd8\xc3\x1e\xf6\xb0\x87=\xeca\
\x0f{\xd8\xc3\x1e\xf6\xb0\x87=\xeca\x00,\x91\xab\xcb\
f\x03\xab\x03\xa8tMVw\xba\xb6\xccD\xb6UN\
\x96i\xe5M\xe5Y\xdbyi\xed\x1b\xff\x10\x15\xf34\
\xf3i\x89\xed\xe0!<\xc1\xa9\xc1E\xc7\xacK(\xba\
3\xa1\xe7?\xcb\x89\x12\xab\x9a\xa5\xb1\x93$p\x08>\
\xce\xde^G?\x7f\x13~\x1d\xdd\xbf\x16\xff\xf6\x1an\
\xb6\xc7\x1f\xafyRn\xbc\x83x\xf0\xc2dS\xd6O\
I\xf86\x88\x06O-\xf96 \x06O\x97\xdbOK\
\xbd\x0dH|w\xfd\xf9\xf1z\xac\xab\xddS\xb5\xdd\x1e\
7\xf5u\xba\xbf\xff=\xa8\xf2\xea\xf06\xf8\x06\x9e_\
\xa0\x00\x06\xa3/\x8f\x91_\x1e{f\xc7\x80\xe7\xfa\xc7\
F?{\x80\x07\xae\x8e\xfd\xf6z\xd8\x04\xf5\xdf\x7f3\
?\xb4o\x831\xde|\x9b\xe4\xf9\xdb\xe0t\xc8\xff\xf3\
-\xfa/\xc6{_\xd7\xcfR\xd8\xe5\xb7\x01E\xdf\xbf\
\xbcO\xe8?A^\x88\x1b\xc6\xf4\x03\xe2\xdbv\xbb\xfd\
i=}[?f\xee\xeb?;\xf1\xee\x02}_~\
\x8f\xe8/\x08\x0cqG\xa0?y\xd0;\xd6CL\xbe\
B<U;/Hj\xbc\xf2;I\xff\x0c\xf8r\x03\
\x9c\xdc\x01\xfb ?\x00\x99\x1b\x1e\xf5\x9d\xf9\xbfN\xdd\
0&\x9f\xc2\xfaG\x18\x9f\xbc\x9a\xfc*\xca\x17\xea\x97\
Q\xfe#@\xcc\xf1/\x10\xa7\xd4/\x99\xff7\x88\xfd\
\x1f/~\xfc\xf6?\x81N\xa2\x93\
\x00\x00\x09g\
\x00\
\x00#2x\xda\xedYK\x93\xa2\xc8\x1a\xdd\xf7\xaf0\
\x9c\xcd\xdc0z\x04\x84\xaav\xa2\xaa#\x92\xa7P\x02\
\xa2\xf2\xca\x1d/yH\x02*\x0a\xf2\xebo\x82eM\
u\xcf\xcc\xe2F\xdc\xde\xf9-\x94\xcc$O\x9e\xefu\
 \x82\x97\xd3%\x1e\xb5(/N\xaf\xe3\xa4\xae\xab?\
\xa7\xd3\xa6i\xfehf\x7f\x94\xc7xJ\x11\x041\xc5\
w\x8cGM\x1a\xd6\xc9\xeb\x98\xa4\xbe\x8dGI\x94\xc6\
I\xfd>\xb8\xa4Q\xc3\x96\xed\xeb\x98\x18\x11#<3\
\x1af\x07\xc4?\x03\xaa\xf2>`\xfb\xc1\x00\x8a\xbc\x22\
\xddE\xa7z\xfc\xfd\x05E\xb5\x17z\xb5\xf7\xfd\xa5_\
\xfd\xf3\xbe\xf2\x1d\x00`\xc7\xa8\x22}[\xc6\x97 \xf2\
\x0a\xab\x86\x92z\x0d$\x01\x08\x060b<y\x88\x01\
\x8df\x02\xefvJ\xe3\x1ax\x82\x85A\x7f\x9f\xdb/\
\x0a\xe1!\xb4\xc9=^\xab\xf1\xda\x1a\xb0\x1c\x9e\xe4\x0e\
\x80O\xfd\xc0\xd0\xc8\x00\xd1O\xc3\xbemIk\x94\x96\
\xab\xb6Ah\x1c\xb9W;+]n\xd7\xa9\xdb\x19\xb5\
.\x09\x84\xce\x11W\x9d7[\xad\x8b)\x17\x99\x9d\x9a\
\x99=\x1f>\xa7>\xb8Uwn\xae\xa3\xfe3\xb7\x0d\
\x93\x043-\x0f\x8au\xe5SL\xd7o\x02\xcb\xb6\xe7\
\x97\xf6\x97k\xa9\xc7Zg.\x9a_\x01\x8b\xfd\xeba\
\xdfJ\xa0+u+P\x83\xcfg\xcff\x8a\x00Y{\
\xcf\xb6\xce!\xc7Pj3\xa0\xb8\x18\xbf\xf3\x84\x8dD\
<Wgz\xbf\xb17\x15\xcf\x98\x95!wV\xbf\xcc\
6.\xa5\x5c\x82\x83Va~O\x10\xe3\xfb\xb6H\xf8\
v^\xbbv\x98/g\x1a\x05\xaf5\xed\xdb\xed\x01\xe3\
w\xa1$\x9e]\xcaR\xd6\x8b\xf8\x14Id\xa3\xa3\xbc\
\x82|\x85c\x01(u+7\xda\x86L4\xdb\x98\x0d\
\xf1\xc9\xe2\xda\xcd\xd8DKq\xcc\x90LCIf4\
[n\xd5,9a\x9e'\xd7\xb9\xf9\xeaIy\xe3-\
\xd8\x04\xcf\x9dCa\x8ezR\xf4G^Y\xf6\x16;\
-\xf5g\xf2\xcf\xb1\xdb\xdec\xe7\xcenX\xcb\xc2\xbd\
\x0e^\xb3I\xa6\x16Z\xe9.&\x91\xccnio\x01\
\x09\xf5\xa2\xeef\x0a.\x99>.0\x1fbY\xa2\xf0\
co|P\x90kk\x84g\xcf\xcf\xde{L\xfd\x19\
\x9b\xfb}L\x8b\x9e\x9fXCg\x8ds\xa4'\x1e\x95\
\x9f\xe1L\xc9\xa1\x94\xe7~\xb1\xeebO\xc9BG9\
E\x1c\xd9A\xbbE\xf2\x90{\x05\xad\xec\x1b\x8e\xebh\
\x1dt\x94\x01;\xb8\xce176Y\xa2\xcf\x18\xc69\
\xcc\xb4\xbd'\x89\x9d'\xc6\xb1<_\xedS\xb3\x93\xb7\
\xdb\x1du\x00\xcai\xb5'\xb6\xee7rw\x92\x88\x08\
\xec\xe9\xf68\xb1\xf7\xc2\x9b\xd9]\xa5\xeb\x1e\x221\x0b\
\xa5\xfc\xe2\x17q\xe8R\xf3z\x89\xc4s(%W\xcc\
\xbdr\xafL\xe6K\x22\x09%\xf3\x1c,\x94K\x88\xf2\
=\xb4\xd7\x87@\x12\xaf\xaeM\xe6\xa1d]\x83'\x91\
^P\xda\xc5\xc7q\xc4\xbe\x94\x01\x9a7\x9e\xadb\xdf\
\x95\x0ab?\x976^C\x10\xd7\x87\xd5\xe7\xbe\x08m\
\xe6\xe8\xa3\xf9\xccG\xf5\x1e:Z\x16\xa0\xbc\xb9\x9d\x9f\
 \x83j\x93\xd0^\xe7\xf2\x82\xc5\xe7\x0f{\xf6\xf2b\
]z\x8e\x1aC\x94\x9f\xe0\x86MB\x8e%<\xc9\x8c\
q\xbe\xdb\xd0\xb6:<\xbe\xc0\x94M\xe4\x85\x85c$\
\xc7\xae\xcd\xece\x89L\xa2\x0d[\xba\x0e\xcceI\xbb\
B\x5c\x93\xd06b\x5c\x03\xb1o\xcfq\x8dcl<\
\xc6~\xe2uX\xf9\x18\x0f\xfb\x8e\xfd\xc65\xb4\xc0\xdc\
\x1d\xed\x02\x8b\xf5\xccu\x94\xdc\xc0u\xec\x17\x9b\x04J\
\xd8?\xdb\xfa\xe0\x88\xf3y\xf2\x85{\xec4\xc5G\xda\
\xa9\x9f\x87\xab\xbe\x7fy\xf9/\x9d`o:\xd1\xf7I\
\xfc\x93N\xac\xb5\xf7\x5c&I@\xc5g(\x89\xc4\xa0\
3\xf7\xbe\xd3\xe2\xf2YM\x84\xcb&\xe1l\xc3dW\
\xad\xeeoX\xb7\xdf\x0fn}ge\xae\xdd\x16\xb0\xaf\
\xd5\xadLjHk\x5c{\xad\x81\x9fMZ\xe3Xh\
\xa5\xcd\xf1\x9d\x91;\xd7\xd8I+\xfaY#\x16'\xdb\
\xcc,u\xc7-\xea\x0b\x8a\x17\x87d\xd1l\xca\xae8\
h:\xb5\xe9\xd0\xfa\xdc\xe7\xd8G\xb7Z\xecc\xea\xa3\
\x1c\xe1\x9c\x11\x1e\xb2h\x97j\xc9\x80\xea}\xd7\xd9\x12\
Y}o_C6\xb5!j\xf1\x9e\x90\xf0\xd8}\xc4\
\xf6gg\xcc\x87\x0e)\xd4M\x87T\x1c\xab\x9fu\x08\
\xbc\xf7\x0c\xc6M<\x9b\xc0\xf5<h\x1f\xc7S}\xef\
\xbe\xe5.%\x9e \x05q\xbf\x0bWm\x0b+|v\
\xe1#\x91\xc0}\x93G\xc2O}\xb3y\xef\x91\x99u\
\xf5\xb3j\xb8\xd6\xb3x\xe6Rf\x0by\x83X\xdaF\
\x87\xb5\xa4\xd6$%\xd38\x82v\xb7\x06\xbd\xdc\xca\xb4\
\xb6\x15f:\x0fS\xb8U\xaf\xda\x1d\xa3\xc0\xdaF1\
I\xb8\xb0p\x1dU\x15\xce5\x81k,\x83f.D\
\x5cK\xfb\x0ex\xf2\xec|\xafg.\xa5\xf3a\xae\xf3\
b\xbe\xb4\xd5\x16\x22\xa1\xd6x\x88\xd4\x0dAk\x99A\
.m\xf9\xaaeB\xe3v*\xa9\xf1X\xeb\x1d\x05\xd7\
\xbe\x95\xe0\x9a\xdb;\x94\xd8\x05\x94u\xbd\xd5\x92\xce\x97\
\xa8\x7f~\xb4\xf4\xd2\xd1r_r\xb3\xa1\x96\x90;\xff\
'\xad_\xfe\x9b~S\xf7\x9c\x83\x8c\x98l\x94\xad\x9a\
h\xda\xd4+\x01j&[\x5cw\x9d5i\xfc5\xcd\
m3\xe9\xc2x\x86QmW\xb2\xffv\xd7\xa1\xea\x7f\
\xd0\xa1{\x0f\xa88g\xca\x87\x06\x9d!\x8a\xce\xd1d\
\x1av\x8bJ\xe4\xc5\xb32c\xa7\x06\xff\x5c~k\x96\
\x16\x8cZ\x7f\xd6\x98\xc9i\xe5T\xc2\x91J\xdd>O\
\x8b\x18\xe7\xd4:\xc1T\x1b\xea\x05f\xe4\x1d\xffSl\
\xd4\xcb{\x0c\x06\xdf\x96h\x8d\xe3'~\x9c\x190\xcf\
\xb87]&\xa5\xb9t\xb2\x06[\x1e\xfa\xbb\x84\xbct\
\xf41\x0b\xfc*\x81\xb8\x97\x9aL\xd5\xfc\xc0g\x89[\
\x9d\x91;HYg\xec\x13\xc6\x99_\x9d^\x97\xd1$\
{\xef\xf5\x8ba3\x84\x87u/\x90\xf2L\x16z\x9d\
\xc0\x1a3\x838\xf6Z\x1f\xfb\x5c\xdd\xd0\xcd2c\x8f\
\x01\xd6y\x97\xfc4\x9f\xd2\xc42\xeb\x9f#\x80\xfe\xd0\
\x01.\xb9\xbf/dA\xf3\xb7\xf7\x85\xbf\xd7\xda\xf0\xbe\
\x01\xe4\xa1\xcf\xeb7\xc16\xe4M\x19\x0bH\xe2D\x08\
\xe2\xb2\xc1*/\xa9\xb2\xccf\x1e\xe0A,p Y\
\x03\xc6\x03o\xcf'\x99!\x96Ot<-%#6\
\xe7\x904\xb7\xf8\x8e76\x8e\x0f\xc9>\xd3W\x86\xc1\
\x83\x8eU\xd4u\xd0\x88\x86\xcb[\x86\xf1&4\x0c\xfb\
I\xbbO\xb2\xc8rF'\x9cU\xae\x91\x00i\x0a\xa0\
U\xf3\x1fc\x815\xbdX\xf7\xcf\x9d\xd8\x18\x9eA\xb8\
\xe6\xa4<\xf1\x17jl\xa2\xf9\x05k2olA$\
6\x04\xaey@\xab|\xd0\xea<\xee\xb9-\xf4\xfa9\
\x9d\xef\xe7\xdcV\xdf\xde\xe6T\xc1h\xc5\x0eXl\xac\
Y,(\xb7\xfc\xfe\xf33\xa8\x89MA\xe1\xd5\xcd\xbe\
\xc1\x99\xef\xf9\xf2\xc2\x95\xfd\xcc7\xfexn|\xe2e\
\x0e\xfa\x80\xf3\xd9\xb1PeU\x89\xbd\x1e\xa4\x8dJ\xcf\
q\xac$\x8e{\xbfn\x84\x05 d\xc0*\xc9\x13\x87\
.K\x93\x8dEQ3\x89\x8b\xf9\x96\xebV-<\x85\
YH>/\x99\xcd\xb9q\x88e\x84\xc4\xf4\xc4\xaa\xb3\
p\x1fNg\xc15kE03JfC?\xed\x1c\
b\x9a&.a\xc1g\xb4\xf3\xe7o\xe231\xab\x19\
=\xb3y\xd6V\x01\xdd\xc70\xe4\x1b\x81\x9d6\x86\x00\
\x1ay\x11\xf37_\x17\x1bS\xe03\xa0\xb2qyd\
cA\x00\xee\xaatb\x99U\xc1\x10\xf7P\xb8\xed\xe1\
T\x00\x9aE\xef\xfb\x9a\xc8X6n\xc4\x12\x98]\xbe\
HYY\xd4\xa1x\xca&\xfaJ\xe8\x98rR\xa8\x0b\
\xc7Q\xe5\x86\x8b]\xf9\xad\x84r\x97\x11\xf8<\x95\x87\
\x0dh \x90\x1b\xd5QCQ\xa1\xd9\xa8^.-\xf7\
Y_\x9f\x85yQ\x1e|\x1f@\x1d\x16S\x0f\x1c\x9d\
\xeb\xb6\x11\x01\xdc\xbd\x1dW]+R\x97U\xa9h;\
rbraL:\x12\xc8\xd8\xc6!\xbbpnK\x07\
w\x7f@82\xe2\xa1!\x8d\xeb&;\x92\x9d\xb2\xab\
\x14u>!\x8f\xd8\xd7\xcdj\xa9\xea+={;\xa7\
NV\x9a\xd3\xca4#i\xben\x10~_b\x13(\
\xee\xb5\x22\x06\x0f{\xd8\xc3\x1e\xf6\xb0\x87=\xeca\x0f\
{\xd8\xc3\x1e\xf6\xb0\x87=\xeca\x0f{\x18\x00+\xe8\
\x1a\x1c'\x14\xe1%\xc8\xa3\xd0%\x03\xa2\x16v\xf2~\
\x7f\xb6=TNyD*\x17\xa78M\x05\x92\xc8&\
\xe4\xa4Ut\xe60\x81\xf9^\xf1wj\xdd\xec\xb2\xa3\
\xde\x9c\xd7[\xeaZ1\x04\x9aC\xa1\x01&\xbf\x227\
\xbc\xd3\xb6\xf1\xeb\xcb\xf4\xc7o\xc2/\xd3\x8f\xaf\xc5_\
^\xc2hw\xfa\xfe\x92\xa7E\xe4\x1d\xa5\xa3\x17\xa6Q\
Q\x8f\xd2\xf0u\x1c\x8fG-\xf9:&\xc6\xa3\xeb\xed\
\xaf\xa5^\xc7$\x1e\x0d\x7f\xdf_NuY\x8d\xca\xdd\
\xee\x14\xd5\xc3r?\xfe\x1a\x94yy|\x1d\xff&\xb2\
sj\xc6\x8d\xa7?\xddF\xfet\x9b\x00\x98o\xc4p\
\xdb\xf4G\x06xb \xf6\xe5\xe5\x18\x05\xf5\xbf\x7f3\
?\xb6\xaf\xe3\x19>|\x97\xe6\xf9\xeb\xf8|\xcc\x7f\xff\
-\xfe\x0f\xc6\xfb\xf2\x12\x8f\xea\xa3W\x9cv\xe5\x11\xbd\
\x8e\x87\xcb\xdc\xab\xa3\xdf\x9f\xe8\xd1\x13\xfd\x1fL\x7f\xc0\
\xc5\xbb\xbf>c\x97\xf0\x1fM\xfc\xf5i\x9e\xfet\xca\
\xd3\xfb!\xf73~\xdb\xedv\xe3\xcf\xd8\xc7\xb2\xee\x81\
\x89\xfe\xd8\xff;*\xcd\xfc\x12\xd8\xf9\xafaK\xce~\
\x0d]\xf2\xdb\xaf\xe1KQ\xbf\x86/\xf5\xfck\xf8\xce\
H\xe6V\xdcAz\xc4*1\xc2-D\xcd\x7f\xd8\xf4\
\xe3b\x0f\xfc\xbe\xf8\xd1i_^*\xafNF\xb8\xc1\
Ub4\xb7\xbe~S\xbf>\x8f\xbe\x92Kb\xf4\xf5\
\xdb\xb2\xbf\xea[\xf4X\xee\xa3;\x8d\xdb\xe8\xeb;o\
\xe6\x8eX\x94E\xf4\xb1\xd87o\xe0U=\xd1s\x11\
\xfe0\x9d\x95iq\x9f\xefO\x9f\xc6\xfd\xcf\xe9\x82\xff\
\xfe\x0bh\xe2'\xa4\
\x00\x00\x09=\
\x00\
\x00 \x92x\xda\xedZI\x93\xaa\xc8\x16\xde\xf7\xaf0\
\xbc\x8b~/\xaao\x0b8T\xd9Qu#\x92Q\x90\
AP\x19r\xc7$c\x82\x0a\xca\xf0\xeb_\xa2U\xd5\
\xd5\xb7\xbb\x17o\xef\xd9H\x9e\xcc\xfc\xf2\x8c_\x12\x81\
\xaf\xd55\x1a\xb5(/\xaa\xb7q\x5c\xd7\xc7?&\x93\
\xa6i~o\xa6\xbf\x97\xe7hB\x11\x041\xc1+\xc6\
\xa3&\x09\xea\xf8mLR/\xe3Q\x1c&Q\x5c\xbf\
\x0f\xaeI\xd8\xd0e\xfb6&F\xc4\x08kF7\xed\
\x0d\xf1\x0f\x9f:\xba\x9f\xb0\xc3\xe0\x06\x8a\xdc\x229\x84\
U=\xfe\xf1\x8a\xc2\xda\x0d\xdc\xda\xfd\xf1:\xcc\xfe\xf1\
1\xf3\x03\x00`E\xe8Hz\x96\x88\x1fA\xe8\x16f\
\x0d\x05\xa5\xf3\x05\x0ep:\xd0#\xac<E`\x86\xa6\
\x1c\xeb\xf4R\xe3\xe8XAC\x7fX\xe7\x0c\x93\x5cp\
\x0a,2\xc3s5\x9e3\x00\xcd`%s\x02l\xe2\
\xf9\xbaJ\xfah\xb6\xb8\xed\xdb\x95\x84\x93\xaa\x89B\xe9\
\x9d\x93\x10\x8d\xd3G\x9d\xbc\xd3g\xda\xce\xaf5KE\
\x90!\xa6*\xda7\x90\xd5{\xa5\xcf\xe6\x9a\xb0\x1f\xec\
as\xea\xd3\xb6\xe3\x87m\x8e\xad\xfc\xb3m\xdby\xec\
O\xd5\xdc/\x8c\xa3G\xcd\xfba\x13\x90\xdb\xc1\xbed\
x4\x84\x01\xcbH\x1d\xb4\xec\x00\x8d\xfd\x1b`\xd7%\
\xd0\xa4\xba\xe5\xa8\x9b\xcf\x17\xd7\x9a\x17>23\xd72\
/\x013\xa7\x94\xe6\x86\xe2`\xfc\xde]\xa5\xd9!d\
I\x81\x09\x0b\x96\xb0X>\x9fT\xcb\xad3\x04\xa4q\
(\xe9\xea\x9f\xd4#\xb6o\x011\xbeg\xf1\x84g\xe5\
\xb5c\x05\xb9<U)\xd8\xd53\xcfjO\x18\xbf\x0f\
\x04\xfe\xe2P\xa6d\xac\xa2*\x14\xc8FC\xf9\x11\xb2\
\xc7X\x15\xd4\x14\xb2q\xa6vd\xac\xa4x\xdfN\xa7\
\x9c\x94\xab5A\xa4\x9c\x8eh\x1d$\x12*\xcbu\x0a\
\xabf\xaa\xc5W\xd8\xce\xca\xb1\xef\xbe\xbaB\xde\xb8+\
:\xc6\xbaK\xc0-\xd1`\xd4\xec3\xaf4}\x8f\x9d\
\x9axS\xf1\xe7\xd8\xed>b\xe7L\xefXr\xe1t\
7\xaf\xe98U\x0a\xb5$x\xfe\xc9\x9d\x96\xd9\xac2\
\x8e\xd5\xccM6\x9b\x131\x1b\xe2\x02\xf3[,K\x14\
|\xee\x8dN\x12r,\x95p\xad\xe5\xc5}\x8f\xa97\
\xa5so\x88i1\xd8\xc7\xd7\xd06p\x8e\xb4\xd8\xa5\
\xf2\x0b\x9cJ9\x14\xf2\xdc+\x8c>r\xa54\xb0\xa5\
*d\xc8\x1eZ-\x12o\xb9\x97\xd0\xc6\xba\xe38\xb6\
\xdaC[\xbaa\xfb\xdd\x12\xdbF\xc72\xfa\x8a\xa1_\
\x82T\xcd\x5c\x81\xef]>\x8aZ\x7f\xce\xf0=S\xb3\
eC\xeb\x8b\xce\xd8\xbb\xc79Zn\xcf'O\xd8*\
S\x09\xb9B \x13\x97\xeeYa\x16\x19D|\x1a\x08\
\xf9\xd5+\xa2\xc0\xa1\x96\xb5\x8c\xf8K \xc4\x1d\xb6\xfd\
\xe8t\xf3\xd4\x13x\x12\x0a\xfb\x8b\xbf\x92\xae\x01\xca3\
h\x19'_\xe0;\xc7\x22\xf3@0;\x7f\xc1\xcfV\
\x94z\xf5p\x1c\xb1/\xa5\x8f\x96\x8dk)\xd8w\xe9\
\x08\xb1\x9f\xb2\x85\xe7\x10\xc4\xf5a\x0e\xb9/\x02k~\
\xf6\xd0r\xea\xa1:\x83\xb6\x9a\xfa(o\xee\xe7\xc7H\
\xa7\xda8\xb0\x8c\x5c\x5c\xd1\xf8\xfc\xdb\x9eL\x5c\x19\xa5\
k+\x11Dy\x05\xb7t\x1c04\xe1\x0a\xfb\x08\xe7\
\xbb\x0d,\xb3\xc7\xe3+L\xe8X\x5c\x998Fb\xe4\
X\xf3L\x14\xc88\xdc\xd2\xa5c\xc3\x5c\x14\xd4\x0e\xe2\
\x9a\x84\x96\x1e\xe1\x1a\x88<k\x89k\x1cc\xe31\xf6\
\x13\xcf\xc3\xa3\x87\xf1\xb0\xef\xd8o\x5cC+l\xbb\xad\
^aaL\x1d[\xcau\x5c\xc7^\xb1\x8d\xa1\x80\xfd\
\xb3\xccO\x1bq>+\x8f\xfb\x88\x9d*yH\xad\x06\
=\xdc\x0c\xfd\xcb\x8a\x7f\xf2\x04}\xe7\x89\xa1O\xa2\x9f\
x\xc2P\xdfs\x19\xc7>\x15]\xa0\xc0\x137\x9e\xf9\
\xe8;\xa5$\xd6\xa1n\x90\xe4\x82?6+\x8dT\xea\
\xa7\xa99\xf4\x1d\x03\xee}g\xa6\x8e\xd5\x16\x10\xd7\xaa\
\xb3\x13I\x15\xa9\x8dc\x19*\xf8Y\x04\x03\xc7B-\
-\x06T\x97C\xa1\x91\x17:8/k\x89l\x0a\xf7\
\xccz\x13y\xfe\xa4PU\xb3\x9a\x1e\xa8=I\xd7)\
\xe5\x80\xaeB\xc6e\xc8\xb1\x87\xee\xb58\xc4\xd4C9\
\xc29#\x5cd\xce\x1c\xaa%}j\xf0]\xa3Kd\
\x0e\xbd\xdd\x05tbA\xd4\xe2=\x01\xe1\xd2YH\x0f\
g\xa7\xf3O\x1e\x92\xa8;\x0f)8V?\xf3\x10x\
\xef\x19\x8c\x1b\xbb\x16\x81\xeb\xf9\xc6}\x0cK\x0d\xbd\xbb\
\xce\x1d\x8a\xaf \x05q\xbfs\x9d\xba\x83G|v\xe1\
!\x9e\xc0}\x93\x87\xdcO}\xb3}\xef\x91\xa9\xd9y\
\xe9\xf1\xf6\xac\xa5\x06\xe6`\xb1\x87\xac\x94\xc8;:\xd5\
X\xb1V\xd9h\xaev\xc4\xdc\xa1`&\xef|\x0a\xee\
\xe8Le\x95^\xdbe3\xf8\x81Q`n\xa3\xe6q\
\xb02q\x1d\x1d\x8f8\xd7\x04\xae\xb1\x14\xees.d\
\xda\x99g\x83\x85k\xe5\x99\x96F\xb8O\x94^\xd9\x01\
R\xde\xa9\x99c\xed1\xbe2\xd7\xb6\x98\xd3X:\x95\
w\x12\xf6A\x99;\x96\x94\xab=\x8f\xb1%\x5c\xfbf\
\x8ck.\xb3)\xbe\xf7)\xb3\xbb\xd7\x92\xc6\x96h\xb8\
?\xda\x99l\xab\xb9'8\xe9\xad\x96\x90\xb3\xfc'\xae\
\x97\xff\x8d\xbf\xa9\x8f\x9c\xb3|\x9f\x89\xb6\xb2&\xb4\x14\
\xf0\xecY\xe2\x8dS\x81<r}9VP\xec}\x04\
KH\x5c\xb7\xcfr\xd5\xc8\xa7\x0f\x1e:\xfe\x1f<\xf4\
\xd1\x03\x0a\xce\x99\xf4\xc9A\xcf\xfe\xe6\xbc\x8f&\xe9\xb5\
\x85\xf0\xc9\xad\x11Z\xd9G\xba\xd6\xed\xe4\xc5\x9cN#\
\x17\xa8\x9d\xfe\xc2Ff\xbb5O\x893\xe4i\x15\xe1\
\x9c\x9a\x15L\xd4[\xbd\xc0\x94\xfc\xc0\xff\x12\x1b\xe5\xfa\
\x1e\x83\x9bo22p\xfc\xf8\xcf3\x8f\xf2\xf2\x98\xb3\
\x87\xbc\xda\x1d$\xff\xba_\xb7\xfe\xcb\xd5\x10\xe4%\x5c\
[\xf2\xda\xd2\xaa\xcd6N\xadE\xac\xac\x0e1q\xaf\
3\xf2\x00)\xf3\x82}\xc28\xcb\xce\x1ex\x19=\xa5\
\xef\xbd~\xd5\xad9\xe1b\xde\xf3\x85<\x15\xb9\x81'\
0\xc7L!\x8e\xbd:\xc4>W\xb6\xb3FN\xe9\xb3\
\x8fy\xde!\xbf\xe8\x93\x19!\xa7\xc3=\x02f\x9f<\
\xc0\xc4\x1f\xef\x0b\xa9\xdf\xfc\xed}\xe1\xef\xb5v{\xdf\
\x00\xe2\xad\xcf\xeb5g\xe9\xe2\xb6\x8c8$0<\x04\
Q\xd9D\x91((\xa2H\xa7.`A\xc41 6\
\xc0\xdc\x05\xeb\xe7J\x9c\x13\xf2b\x16MJA\x8f\xf6\
KH\xeewx\xc5\x9a\x8e\xa2S\x9c\xa5\xdaF\xd7Y\
\xd0\xd3\x92b\xf8\x0d\xaf;\xac\xa9\xebk\xae\x99\xd3_\
\xb8\xbb\x12y\x9a\xd1{\xee\xa20\x8d\x00\xc8=\x07Z\
%\xffk,0\xa7\x17\xc6p\xefD\xfa\xed\x0e\xc25\
'\xe4\xb1\xb7R\xa2=Z^1'\xb3\xfa\x0e\x84|\
Ctj\x0af\x0a\xeb\xb7\x1a~\xbf\xc1}\xeb\x0e:\
\x8d\x1dtN\xab\xed\xee:\x85\xd3[\xbe\x07&\x1d\xa9\
&\x0d\xca\x1d\x9b}\xbd\x83\x9ah\xcfI\xac\xb2\xcd\x1a\
\x9c\xf9\xc1^\xfc&@\x7f\xb57\xfa\xbc7\xbe\xd8\xb5\
\xbf\xf1\x03\xcegOC\x85V\x04\xba;\xe1\xcbo\xb6\
\xc4\xb1\x12\x18\xe6\xfd\xb9\xe1V\x80\x10\x01-\xc5\x0b\x06\
]\xe5=\x1d\xf1\xbc\xba'p\xe9\xe4\x9aYs\x8b \
\x0d\xc8gy\xbe\xbd46!\x87\x88O*Z\x99\x06\
Y0\x99\xfa]\xda\xf2`\xaa\x97\xf3\xedlq\xb0\x89\
I\x12;\x84\x09\x9f\xd1\xc1[\xae\xf9gbZ\xcf\xb5\
\xd4biK\x01\xb3!\x86\x01\xdbp\xf4\xa4\xd19\xd0\
\x88\xab\x88\xbd\xfb\xba\xda\xee96\x05\x0a\x1d\x95g:\
\xe28\xe0lJ;\x12i\x05\xdc\xe2\x1ep\xf7=\x8c\
\x02@\xb3\x1a|7\x88\x94\xa6\xa3\x86/\xc1\xbe\xcfW\
\x09-\xf2\x1a\xe4\xab\xf4I\xdbp\xfd\xbc|*\x94\x95\
m+b\xc3D\x8e\xb8.qs\xa7\x04>Oaa\
\x03\x1a\x08\xc4F\xb1\x95\x80\x97ftX\xcb\xb2\xe9<\
k\xc6\x85[\x16\xe5\xc9\xf3\x00\xd4`1q\xc1\xd9\xee\
v\x0d\x0f\xe0a}\xde\xf4-O]7\xa5\xa4\x1e\xc8\
\xa7=\x13D\xa4-\x80\x94nl\xb2\x0f\x96\x96pr\
\xb2\x13\xc2\x91\xe1O\x0d\xa9w\xdb\xf4L\xf6\xd2\xe1(\
)\xcb'\xf2\x8c}\xddndE\xdbh\xe9\xfa\x92\xd8\
i\xb9\x9f\x1c\xf7\xfbPX\x1a\x0d\xc2\xefKt\x0c\xf9\
L-\x22\xf0\x90\x87<\xe4!\x0fy\xc8C\x1e\xf2\x90\
\x87<\xe4!\x0fy\xc8C\x1e\xf2\x90\x87\x00\xb0\x81\x8e\
\xbe\xd9\x14\xcf\x1a\x08\xb2g\xbf\xa7\xb7\x87\xc0y\xda\x13\
\xfc6HO/\x06\xd3\xb9)2\xd2 \xe6\xd1\xaaS\
\x81\x9f\x9c^\xf8T\x0a\x8bx\x9d0\xd1e\xb7;\xed\
[\x91\x92\xda\xcd\x93N1\xdb\x17w\x9b={\x07h\
\x9e\x9f\xfd\x8b\xd5\xbc\xbdN\xfe\xfaM\xf8u\xf2\xf9\xb5\
\xf8\x97\xd7 <T?^\xf3\xa4\x08\xdd\xb3pv\x83\
$,\xeaQ\x12\xbc\x8d\xa3\xf1\xa8%\xdf\xc6\xc4x\xd4\
\xdd\x7fZ\xeamL\xe2\xd1\xed\xe7\xc7kU\x97\xc7Q\
y8Ta}\x9b\x1e\xc6\xdf\xfd2/\xcfo\xe3o\
\x14\xc5N9n<\xf9i\x19\xf9\xd32\x82\x03sn\
9,\x9b\xfc\xd5\x02\xac\xb8\x19\xf6\xcb\xeb9\xf4\xeb\x7f\
\xfff~n\xdf\xc6S|\xf8!\xc9\xf3\xb7\xf1\xe5\x9c\
\xff\xe7[\xf4_\x8c\xf7\xbe\x0f\xcfR3l2\xfey\
\xf9\xfc\xf2\xfeB\xfc\x092\x7f\xc7 \x17\x1f\x18\xdf\x0e\
\x87\xc3\x0d\xe0\xe8\xd6\xf1\x08\xc7A\x99\xcdF/\xb3+\
E\xe4\x14\xf1\x9d\x22\xfa\xbf-\xac\xc3\xf6v\xd2\xe2~\
\xd2\x02C\x0e\xaa\xefn\xe1\xc7\x83\x97(\x09\x82<\xc4\
\xdb\xca\xa2\xfe~pQ\x92\xe3UBX\x9e\xa3\xc4\xfd\
m\xf4\xeb.Aa5R\xc3fd\x948E\xbf\xfe\
6\xaa\xc2srx__%}\x88]\x5c\xbc\x0f\x9b\
w\xbb\x9f\x89O\xa7?\x82\xf8\x03\xb8\xaf\x93\xe1`l\
\xd2\xf0O\x83\x1f\xbf\xfc\x0fZ|c\xcb\
\x00\x00\x09.\
\x00\
\x00 \xb5x\xda\xedZK\x93\xaa\xc8\x12\xde\xcf\xaf0\
\x9c\xcd\xbdqbF@\xb0\xdb\x89\xee\x13Q<\x05\x05\
\x04E\xa8\xda\xf1\x92\x87\x14\xf8@A~\xfd\x14\xda\xed\
\xf493\x137\xee\xde\xdcHeUee~\x99\xf9\
\x15\x11\xf8v\xba$\x83\x16\x17\xe5\xe9}\x98\xd6\xf5\xfe\
\x8f\xd1\xa8i\x9a\xdf\x9b\xf1\xef\xd51\x191\x14E\x8d\
\xc8\x8a\xe1\xa0\xc9\xa2:}\x1f\xd2\xcc\xebp\x90\xc6Y\
\x92\xd6\x1f\x83K\x167|\xd5\xbe\x0f\xa9\x015 \x9a\
\xc1M{\xb3\xf8G\xc8\xec\xfd\x87\xd9~p3\x8a\xfd\
2\xdb\xc6\xa7z\xf8\xfd\x0d\xc7\xb5\x1f\xf9\xb5\xff\xfd\xad\
\x9f\xfd\xe3s\xe6;\x00\xc0M\xf0\x9e\x0e\x5c\x95<\x82\
\xd8/75R\xf4k\xa8H@\xb2\x80\x95\x10\xe5!\
\x01,\x1eK\x22\xec\xb4\x06ZD\xc1\xa3\xb0_\x07\xfb\
I):D.\xbd#s5\x99\xb3\x01/\x10\xa5p\
\x00b\x16\x84\x96A\x87\x98\x9d\xdc\xf6\xad+\x1a\xbaR\
c\xba\xf6\x0ef\xd4\x18\xbav\xb6X\xdb\xb9\x91[5\
\xcc\xad\xce\x14(\x0a\xb9r\x8a0J\xe1\xdait|\
\xf3G,\x98\x87o\xfbO\xdf\xa0\xa7\xff\xb3o+.\
\x0d\xc7F\x11\x96\xf6>`\xb8\xae\xdf\x04\x16m\xef_\
\xd6?\xdaJo\xcb\xce!\x9e^\x01O\xe2\xeb\xcd\xce\
+`ju+1\xb7\x98\xcf\xbe\xcb\x95!\xde\xec|\
ws\x8e\x04\x8e\xd1\x9b\x9b\x15H\xecw\xfe\x82\x8d\xe7\
\xac?;\xd9\xf2\xc9K^\xae\xf3\xe8\x90\x998\xec\x01\
i \xa3]\xc2\x83\xb1'\xfeM\x10\xb1\x1f\xb82\x15\
\xb8E\x0d\xdd\xa8X\x8c\x0d\x06]k6p\xdb\x03\xb1\
\xdfE\x8a|\x86\xccF\xb3g\xc9)V\xe8\xc6\xc4\xc5\
\x1e\x89U\x0b1d v\x18]\xa03\xc8\xa8\xccb\
mQ\xd0Uk\xb8\xb6\xae\x86@c\xe8\xea\x94.\xaa\
4\x5c\xef\x1a]\xb4O\xc4\xcf\x13\xf4\xee\xb1\xfaJ\xd1\
\xf83>%\xbas$Mq\xef\x14\xfb\xc8+\xcf\xdf\
\xb13\xb2`\xac\xfe\x8c\xdd\xfa\x13;8\xbe\xdbZ\x94\
\xf0z\x8b\x9aOs\xbd4\xaa\xd7\xc3\x91\xb6\xd3\xb3\xe4\
3\xe7\x835\xa2\xcc\xa91\xc2\xcb\xde\x00*nXV\
8z\xecM\x0e\x1a\xf1\xd3\xa0|wz\xf6?0\x0d\
\xc6|\x11\xf4\x98\x96\xbd\x7fr\x8d<\x9b\xe4\xc8L}\
\xa68\xa3\xb1V \xa5(\x82\xd2\xee\x12_\xcb#O\
;\xc5\x02\xdd!\xb7\xc5\xea-\xf7\x1a^\xbaw;\xd0\
3:\xe4i7\xdb\xe1uJ|\xe3\xd3\x05\xfej\xc3\
:G\xb9\xb1\xf3\x15\xb9\xf3\xe5$\xa1\x0e'\x9e[\xac\
_\xb9Tx\x1d\x09\xa6\x1f\xa2TL'\x14\xdft\x9a\
\xac\xb5\x5cn\xb91\xda\x0aHv\xb0\xb9CX\xce#\
\xa5\xb8\x04e\x12AfZ/\xb0|\x8e\x94\xf4J|\
\xdf\xc3+\x97\x07\x8aL#\xc59\x873\xed\x12\xe1b\
\x87\x5c\xfb\x10*\xf2\x15\xbat\x11)\x9bk8\x91\xd9\
\x19c\x5c\x02\x82#\x89\xa5\x0a\xf1\xb4\xf1]\x9d\xc4\xae\
\xed\x11\x89s\xe1\x929\x8cH}l\xfa\xdc\x97\x91\xcb\
\x1d\x03<\x1d\x07\xb8\xde!\xcf\xc8C\x5c4\xf7\xf3S\
l1m\x1a\xb9v\xa1\xcexr\xfem\xcfN\x9d\xd9\
\x95\xef\xe9\x09\xc2\xc5\x09\xad\xf84\x12x\xcaW\x9c\x84\
\xe4\xbb\x8d\xdcMG\xc6\x17\x94\xf1\xa9:\xdb\x10\x8c\xd4\
\x04\xba\xdcNU\xe84^\xf1\x15\xf4P\xa1*\xc6\x95\
\xf4\x17\xe91+!5\x90\x04\xee\x94\xd48\xb1M\xc6\
$N2\x8f\xf6\x01\xb1Gb'q\x93\x1a\x9a\x11\xdf\
=\xe3\x82J{\x0c=\xad\xb0H\x1d\x07\xe5*E\x0a\
\x89\xcf\xdd<|$\xf9<\x05\xd2'v\x86\x16`\xe3\
\xd4\xeb\xd1\xd2\xe9\xdbW\xfd\x8b'\xf8;O\xf4}\x92\
\xfc\xc4\x13\xb6\xf1\x91\xcb4\x0d\x99\xe4\x8c\x14\x99\xba\xf1\
\xccg\xdf\x81*\x0d\x92\xb3_\x17!<{\xce\xd8\xe8\
\xda\xac\x98\xf5\x0b\x04p\xef\xbbM\x0e\xdd\xb6D\xa4V\
\xe1Z\xa5\x0dl4\x84_\x0c\xf0\xb3(6\xc1\xc2\xa8\
\x5cA\xdc\xba\x8b\xb9.\xeb\x17\xf5L\xfa\xd2\xd9\xac\xd4\
\xd5\xeb\xc82\xca\xd1\xaa\x1bQ3\xc3\x06\x11\x9e\xda8\
\xa4\xf2I\x88\xeds\x9f\xe3\x00\xdfk\xb1\xc74\xc0\x05\
&9\xa3|\xbca!\xd3\xd2!\xd3\xc7n\xf2\x15\xde\
\xf4\xbd}\x8d\xf8\xccE\xb8%{\x22\xca\xe7w1\xdf\
\x9f\x9ds\x0f\x1e\xd2\x98;\x0f\xe9\x04\xab\x9fy\x08|\
\xf4\x0c\xb1\x9b\xfa.E\xea\xf9\xc6}\x82\xc8\xf4\xbd;\
/ #\x9f\x10\x83H\xbfKWc\x8d\xf6\xe4\xec2\
\xc02E\xfa\xa6\x88\xa5\x9f\xfaf\xf5\xd1#\xe3\xcd5\
\xc8\xf7\xb7g3\xdf\x10~\x05\x1cRz\xfe\x8dH>\
\xd5\xdaPt\x86\xf0Kf\x88:K8\xb9\x80\xae\x8c\
I?\xa4\xc6\x1a\x5ca\xf6a\xa3$\xdc\xc6pi4\
\xdb\x90:\xda\xefI\xae\x097q9r\x0a)\x16Z\
6\xf0\xc0\xc4w\x8b\x9d\x89u\xc2\xf5!\xf1M.\x16\
kH\xc1\xce\xaa\x0d1\xcdM\x81&\xe7J\xf4\xc2u\
\xc6\xe6\xda\xd8\xe9]Q\x98\xae\xda\x19\xa5Fj\x7f\x93\
\x92\x9a\xdby\x8c\xdc\x85\xcc\xe6z\xaf%S\xacp\x7f\
\x7f\xb4\xec\xc23\x8a@\x81\xf9\xad\x960\x9c\xfe\x13\xd7\
/\xfe\x8d\xbf\x99G\xceW\x87f\xb6\xab\x97\x1d\x96\x16\
\xdd\xab\xca\xed[,\x99\xb3\xa35\x13\xf5\x9dS\xce\xb0\
\xc1#\xaex\xd5v\x9b\x15\x9c|\xf2\xd0\xfe\xff\xe0\xa1\
\xcf\x1e\xd0I\xce\xb4\x07\x075\xc5j\xce\xea\x5ck\x7f\
\xa32Z\x94\xea\xb8\x1cm\xbfu\xf6\xb1j\xe4=4\
\xcb\xf1\xfe\x05\x8cX\xc2\x8a\xd9z\x92\xc1>O\xb3\x84\
\xe4tsB\x99q\xab\x17\x94\xd3\x9f\xf6\xbf`\xa3_\
>0\xb8\xc5\xb6\xc06\xc1O~\x9c\x99\x1e\xdb\x08j\
\x87\x19H]|\x0e&\x1c\x8e\xad\xd1i\xca\x1f\xb8m\
fiy\xdc\xc4\x0b\x9e\xdd\xcd\xf7\xd8\x89\x0b\xea^g\
\xf4\x161\x9b3\x89\x89\xd8\x99^\xbd\x9e\x97\xf1\xb7\xfc\
\xa3\xd7/\x96\xcbQ>\xe1\xbdP)rU\xeay\x82\
p\xcc\x18\x11\xec\x8d\x1e\xfbB_\xb1\xcd\x22\xe7\x8f!\
\xe1yH\x7f\xd1g,\xb5\xc8\xfb{\x04\xb0\x0f\x1e\x10\
\xd2\xcf\xf7\x85<l\xfe\xf6\xbe\xf0\xf7Z\xbb\xbdo\x00\
\xf5\xd6\xe7\xf5\x5cr-uU%\x12V\x04\x19\x81\xa4\
j\x92DUtU\xe5s\x1f\x88 \x91\x04\x90\xda\x80\
\xf3\xc1\xfc\xe5\xa4r\xd4b\xc2&\xa3J\xb1\x12g\x8a\
hgMV\xcc\xf9$9\xa4\xbb\xdc\x5cZ\x96\x08:\
^\xd3\xed\xb0\x91-(n,k.5\x1c\xff\x85\xbb\
O\xaa\xcc\x0bV'\x9du\xa1Q\x00\xedH\xa0\xd5\x8b\
\x1f\xb1 \x9c^\xda\xfd\xbd\x93X\xb7;\x88\xd4\x9cR\
\xa4\xc1LO\x1c<\xbd\x10N\x16\xad5\x88\xe5\x86\xba\
\x1a9`u1lM\xd1\xeaH\xdf\xfa\xbd\xce\x14{\
\x1dl\xcd\xf5]\xa7KV+w`\xc3'\xc6\x86\x07\
\xd5Z\xdc}\xbd\x83\x9a\xc4\x914Q_\xed\x1a\x92\xf9\
\xde_Q\xba\xf2_\xfdM\x1e\xf7\xc6\x17\xbf\x9c\x1b?\
\x90|v<\xd2y]\xe1\xaf\x07e\xa5\xb3S\x82\x95\
\x22\x08\x1f\xcf\x8d4\x03\x94\x0ax-\x9d\x08\xf8\xb2p\
\xf8D\x96\x0d\x87\xba8\xf3\xc2\xdc\xd4\xd2$\xca#\xfa\
e\xc1\xad\xce\x8dG-b,g'^\x1fG\xbbh\
4\x0e\xafy+\x83\xb1Uq+v\xb2\xf5\xa8Q\x96\
Bj\x83^\xf06\x98\xce\xe5\x17j\x5csf\xee\x8a\
\xbc\xab\x03\xb6\xc70\x12\x1b\x89\x1f5\x96\x04\x1au\x96\
\x88\xf7Xg+G\x12s\xa0\xf3Iu\xe4\x13I\x02\
pYy\x89\xca\xeb\xe0\x86{$\xdd\xf7\x08:\x00\xcd\
\xac\x8f\xdd\xa6r\x9eO\x1a\xb9\x02NW\xcc2^\x95\
M$\x9f\xf2o\xe6R\xea\xb8\xea[\xa9\xcf<OW\
\x1b!\x81\xea\xbcBj\x97S\xe4<]D\x0dh\x10\
P\x1b\xdd\xd3#Yc\xf9\xb8^,6\xf0\xc5\xb4\xcf\
\xd2\xb4\xac\x0eA\x00\x90\x89\xca\x91\x0f\x8e\xdeu\xdd\xc8\
\x00m\xe7\xc7e\xd7\xca\xcceYi\xc6\x96\xfe\xe6\x08\
QB{\x0a\xc8\xf9\xc6\xa3\xbbh\xea*\x07\xb8;`\
\x82\x8c|hh\xeb\xba\xca\x8ft\xa7m\xf7\x9a>\xfd\
F\x1fI\xac\xab\xe5B7\x97f>?g^^9\
\xa3\xbd\xe3\xc4\xca\xd4n0y_\xe2S$\xef\x8c2\
\x01Oy\xcaS\x9e\xf2\x94\xa7<\xe5)Oy\xcaS\
\x9e\xf2\x94\xa7<\xe5)Oy\x0a\x00K\x04--\x0c\
F\xe2\xf6\x85\xb9\xc2U,w\xcb\x1d\xff\xaa$\x9ds\
\x15`\xa5u\xba\xe1\xbd\x9ei\x94\xec\xacD:'\xb4\
\xbcD\xf8d\xd3\xa5\x1f\xfa\xf6Bj_x=\x9d\x1f\
\x9c\xf5\xb8z\x95\xd8h\x1b\xc0\xc96f\xe1t\xbf\x9c\
x\xe1\xfb\xdb\xe8\xc7o\xc2o\xa3\xc7\xd7\xe2_\xde\xa2\
x{\xfa\xfeVde\xec\x1f\x95\xa3\x1feqY\x0f\
\xb2\xe8}\x98\x0c\x07-\xfd>\xa4\x86\x83\xeb\xfd\xa7e\
\xde\x874\x19\xdd~\xbe\xbf\x9d\xeaj?\xa8\xb6\xdbS\
\x5c\xdf\xa6\xfb\xf1oaUT\xc7\xf7\xe1\xaf\xb2<\x05\
Si8\xfai\x19\xfd\xf3\xb2\x09KO\x84~\xd9\xe8\
G\x0f\x88\xe2\xe6\xd8/o\xc78\xac\xff\xfd\x9b\xf9\xb1\
}\x1f\x8e\xc9\xe1\xdb\xac(\xde\x87\xe7c\xf1\x9f_\x93\
\xff\x12{\x1f\xfb\xfaY\x96\xb8\xfc>d&\x8f/\xef\
\x13\xea/#/\x93\xbb\x8d\xd7O\x13\xbfn\xb7\xdb\xff\
\xb1\x9ff\xfe\xbe\x7f\xf2\xc3\xfeA\xb5\xf7\xc3\xac&\xdb\
~\x9fp7k{\xbfN\x07\x04T\x9d{\x1dpL\
\xca\xb0\xfd\xc3d\xf2\xf1\xf0J\xa54\xdbCs\xacv\
\xf1_\xb0|(~\xfb8\x97{(z\xacB\x7f\xff\
><V\xe72\xfa\xf1\x80\x97\xc9\x80\x99\x5c\x18\xb6x\
\xf9\x8d\x1b\xbc\x0c\xb8\x0d3\xe9\x1e\xce\xc9\xb2HO&\
\xb7\x0d\xfd\x9f\x11\xbe\xff\xf2'\xbd:h\xa0\
\x00\x00\x09w\
\x00\
\x00\x22\xb0x\xda\xedZ\xd9\x8e\xe2\xc8\x12}\x9f\xaf@\
\xcc\xcb\xbd*M\xe3\x95*FU-\xa5Wl\xb0\xc1\
\x06\xbc\xe4\x9b7\xbc\xe0\x0d0x\xf9\xfa\x9bf\xeb\xea\
\x9a\x9e\x87\xd1H\xf7\x89\x90P\xd9\x91\xce\x93\x11'\x22\
\x8e\x91\xa8\xf7\xe39\x1c4Y\x9a\x1f?\x86QU\x95\
\x7f\x8eFu]\x7f\xab\xc9o\xc5!\x1c\x11\x18\x86\x8d\
\xd0\x13\xc3A\x1d\xfbU\xf41\xc4\x89\xb7\xe1 \x0a\xe2\
0\xaan7\xe78\xa8\x99\xa2\xf9\x18b\x03l\x80<\
\x83\x8b\xf7\x82\xf8\xa7G\x94\xce\x03\xb6\xbf\xb9\x80fN\
\x1eo\x83c5\xfc\xfe\x9e\x05\x95\xe3;\x95\xf3\xfd\xbd\
_\xfd\xf3\xbe\xf2\x1d\x00`\x86Y\x89\xbb\xa6\x84.A\
\xe0\xe4F\x05E\xa5\xf5D\x1e\xf0\x1a\xd0B\xe4\xdc\x87\
\x80\xcaH\x9e\xb3;\xb9\xb65\xe4`\xa0\xd7?g\xf7\
\x8b\xbc\xbf\xf7M|\x87\xd6*\xb4\xa6\x03\x86ENv\
\x0f\xb8\xd8\xf54\x15\xf72j|\xd9\xb7.3\x95S\
\xd1Gi\x94\x16\xa3\x14Q\xc1\xe7k\xad[pve\
\x9bJ\x8b|\xb4J\xf0\xa4\x92\xf1\x84\x92mZ\x85\xe3\
\xfbx\xb8\x94x\xc4V\xdec\xb3-\xe5\xd7\xb1\xad\xe8\
\xc8#\xd5\xd4\xcb\xf5\xd2%\xe8\xae\xdf\x04\xe6M\x1f_\
\xdc_\xeab\x8f\xa5'v6i\x01\x83\xf2\xebag\
\x05X\xc8U\x83N\xeds>9&\x9d{\x99\xb1s\
L\xe3\xe4\xb34\xa1\xd4\x17\x14\x1b\xe1w\x8e\x88\xe7\xc1\
\x96\xd7\xa1T\x16j%I\xa2\x1eT\xa9D\xf5\x84\xd4\
6!\x9f\xbd\xbdZ\xa2\xf8\xc6\x10\xe1\xbb\xa6\x80\xb9f\
\x8ar\xf3\xd39\xa9\x12\xb0\xad(\xd7l\xf6\x08\xbf\xf3\
E\xe1d\x13\x86\xacO\xc3c \xe2\xf5\x22KK\xc8\
\x154\x14%B\x11\xf5\x18\xae\xf0X\x15yb\xbe\xd6\
3e-U\x8bu\xd8\xd91F@N!\xe0Z\x8d\
\x94L\xde\xa9\xa6qDq\x1em\xeb\x9a\xab#\xa6\xb5\
3e\x22\xe4;\xf9\xfc$\xeb\x83\xa2\x1eue\x98+\
wj\xec\x92\xd2W\xee\xd6w\xeel\xf2\x8a5\xcf\xed\
\xf6\x925\x13%J\xae\x16\xa0`\xf4\xd3X9\xc7\xa1\
\x0d\xbc\xc0\xc5$\x15\x9f\x0a}\x1f\xc0\xf4\xc2e\x91\xf9\
\x8f\xbd\xe1^\xcelS\xc5\x1csrrn\x9c\xba$\
\x93\xba=\xa7y\x1f\x9fPAKG5ZD\x0e\x91\
\x9e )\xa7PLS7\xd7\xbb\xd0\x91\x13\xdf\x92\x8f\
\x01\x8bw\xd0l2\xe9R{9[\x9aW\x1c\xdbR\
;h\xc9\x17l\xaf\x9d\xa0\xd8\x98h\x9e}\xc6\xd0N\
~\xa2\xee\x1cQ\xe8\x1c!\x0ccrUm\x05\xbd\x16\
4b\xb5\xc8\xa4\x85\x81\xe3\xe6nwx\xdb\x9a\x19\xcb\
\x1e\xa6\xbb\xbd/\x90p\xddP\xa5\xf5\xb2\x83\x99\x90\xf8\
bzv\xf3\xd0\xb7\x89I5\xcf\x84\x93/F-\x8a\
\xbd\xb4[:qE\x01\x87\xe2\xe6\xe4M\xe5\xb3\x9f\xa5\
;h\xea{O\x14Z\xdb\xc4S_4Zo,P\
SB=\xbb\x88G\x94K\xe1e\x93\xda1\x15\x94\xbb\
\x5cB\x94\xe7\xdcDk\x19D\xfda\xf4\xb5\xcf}\x93\
>\xb8\xd9\x84t\xb3j\x07-5\xf1\xb2\xb4\xbe\x9e\x1f\
e\x1a\xd1D\xbe\xa9\xa7\xd2\x94A\xe7_\xf6\xec\xa4\xa9\
^8\x96\x12\xc2,=\xc2\x15\x13\xf9,\x839\xe2&\
D\xf5n|\xd3\xe8\xd0\xfd\x19\xc6L$M\x0d\xc4\x91\
\x14\xda&\xbd\x93D<\x0aVLa[0\x95D\xb5\
\x85\xa8'\xa1\xa9\x85\xa8\x07B\xd7\x9c\xa0\x1eG\xd8\xe8\
\x1e\xe5\x89\xd6a\xe9\x22<\x94;\xca\x1b\xf5\xd0\x14\xc5\
n\xa9g\x98\xeb\xa4m\xc9\xa9\x86\xfa\xd8\xcdW\x11\x14\
Q~\xa6\xf1\x88\x11\xd5\xf3\xe8\xf2w\xeeT\xd9\xcd\xd4\
c\xef\x87\xcbM?\xbe\xd2\x0f\x9d`\xae:\xd1\xcfI\
\xf8E't\xf5V\xcb(\xf2\x88\xf0\x04E\x01\xbb\xe8\
\xcc}\xee\x96\xda,\xdd2\xb4\xaeTZ;\x9d\xe7o\
\xc4FzQ\x95~?\xb8\xce\x9d\x91\xd8f\x93C\xd4\
\xab\xf6Z\xc2\x91\xca\xd4\xb6\xa9\xab\xe0\xab\x89:\xe2B\
-L\x96\x09\x0d\x825\x13p\xea\xd8)Hl\x92\x13\
\xd2fs\x981\x0dXcJuZ0\xd1[\x1d,\
\x83Qa\xee\x08\xfd\xd4\xd7\xd8\xcd\xae\xbd\xd8s\xeaf\
i\x86j\x869\x99A\xd9D\x83{D\x9f\xfb\x82)\
2\xa3\x9f\xed\xd6gb\x13f\x0d\xda\xe3c\x0e\xb3\x0b\
\x98\xfe\xec\x84~\xe8\x90L\x5cuHA\x5c}\xd5!\
p\x9b\x19\x84\x1b9&\x86\xfa\xf9\xa2},G\xf4\xb3\
;KmB8B\x02\xa2y\xe7[u\x0dKtv\
\xeef\x02\x86\xe6&\x0d\xf8/s\xb3\xba\xcd\x08i\xb4\
nR^\xae\x17\x99\x8d)\x04\xfat|7_\x87\xb5\
\xddm*\xa4\xc9\x94\x1a\xe3\x91\xddI\xc8\xb7#\xed\xb5\
\xd7\xdak\xbb\x85k\xa9V\xee\x189\xd26\x82\x8e\xfc\
\xa9\x81\xfa\xa8,Q\xad1\xd4c\x09\xdc\xa4|\xc06\
\x94k\x81\xb1c\xa6\xbbE\xb6\xc1\xd4\xb5\x1e#\xdd\x22\
\xe7k\x0f\xe9\xd5\x0e\xe1\xcb\x19d1\xcaN\xecvn\
\xca\x89\xca\x85\x1d\xd2\xa2ta*\x8dM\xca\xa8\xf7\x8d\
\x08\xf5\xdc\xce\x22\x84\xce#\x8c\xf6\xdaK\x0b\xae\xc8\xfa\
\xf7GC\xcd-5uE;\xb9\xf4RfO~\xa5\
\xf5\xf3\xbf\xd3o\xe2^sv\xee\xcf\xf07c\x0a\x0c\
\x0eJc;\xa4-\xcbpV\xabs3qliv\
\x0cV%f\xf9\xe9r\x1a\xa7\xdb\xf1]\x87\xca\x7f\xa0\
C\xf7\x19PP\xcd\xe4\x87\x06I\xe7U\xe5\x88p\xd2\
$\xa61\xb3\xb0q<\x0e\xea\xc22C\xfdP\xc9\xdc\
\x8b]\xe2\x95\xb4|)\xd49]\xeec\xbb\xaf\xd34\
D55\x8e0V/\xfd\x02\x13\xfc\x8e\xff\x89\x1b\xe5\
|\xe3\xe0\x92\xdb<\xd3\x11\x7f\xc2\xe3\xcc\xb7\x89T\xcf\
\xd8P#\xa6\xec>{+\x97\xc4\xec\xf5\xb05\xd7\xd5\
km\x87\xa4\xaf\x12\xb3\xa5\xe7-\xa1\xc3\x82\x91\x81]\
\xfb\x0c\xdfB\xc28\xa1\x9c\x10\xce\xa4\xb5z]\xce^\
\x92\xdb\xac\x9f5\x93\xc6\x1c\xa4{\x9e\x98&\x12\xdf\xeb\
\x04\xd2\x18\x12\x22\xee\xd5\x9e\xfbTYQ\xf5<a\x0e\
\x1e\xd2y\x1b\xff\xe4\x8f)l\x9e\xf4\xef\x11@=t\
\x80\x8d\xee\xdf\x17\x12\xaf\xfe\xcb\xf7\x85\xbf\xf6\xda\xe5\xfb\
\x06\x90.s^\xcdxS\x93VE\xc8g\x22+@\
\x10\x165bXT$\x89I\x1c\xc0\x81\x90gA\xa4\
\x03\xda\x01\xb3\xd7\xa3Dc\xf31\x15\x8e\x0aQ\x0b7\
\x13\x88o\xd6\xe8\x89\x19\x13\x86\xfbh\x97,\x96\x9a\xc6\
\x81\x8e\x91\x15\xddC\xef\x07\x9b34m\xc6\xd74\xf3\
I\xbb\x8f\x92\xc0\xb0Z\xc7\x9f\x14\xb6\x16\x01\xbe\xe1A\
\xa3\xa4?s\x814=\xd7\xfb\xf7N\xa8]\xdeA\xa8\
\xe7\xc44r\xa7J\xb8\xc9&g\xa4\xc9\x9c\xb6\x06\x81\
Pc\xad\x9a\x00J\xe1\xbcf\xc1i\x1d\x9a[\xa7\xf7\
-\xb8\xdeg7\x8b\xf5\xd5\xa7\xf0Z#t\xc0`B\
\xd5`@\xb1\xe6v\x9f\xdfAu\xb8\xe1eNY\xed\
jT\xf9>^\x8eo\x99\xcf\xf1\x86\x8f\xf7\xc6\xa7\xb8\
6\x17}@\xf5\xec\x18\xa80\x8a\xc8\xb4{q\xa5P\
\x13\xc4\x95\xc8\xb2\xb7\xeb\x9a\x9f\x02L\x02\x8c\x1c\x8d\xd9\
\xec<\xdf0\xa1 \xa8\x1b\xec\xbc\x99\xa5\x0b\xa3\xe2\xc7\
~\xe2\xe3\xafszu\xaa-l\x1edB|d\x14\
\xd2\xdf\xf9#\xd2k\x93F\x00\xa4V\xd0+j\xbc\xb5\
\xb0Q\x1c\xd9\x98\x01_\xb3\xad;\x99\x09\xaf\x18Y\xd1\
\x8b\xc4\xe4\x18S\x01T\xcf\xa1\xcf\xd5<3\xaa5\x1e\
\xd4\xd24\xe4\xae\xb9NW\x1b\x9eK\x80\xc2\x84\xc5\x81\
\x09y\x1e\xd8\xcb\xc2\x0a%F\x01\x17\xde}\xfe\xba\x87\
E\x8a_O\xfb\xdcu,a\x98\xb0\x16\x0a\xb0\xe9\xd2\
i\xccH\xc2\x02\x0a\xc7\xe4e\xb1\xe4;\xbax\xc9\x95\
\xa9e)R\xcd\x86h\xb0\x0b(u\x09\x86\xceS8\
X\x83\x1a\x02\xa4i\x96\xe2\x0b2\xc5\x04\xd5|n\xd8\
\xaf\x0b\xfd\xc4O\xf2b\xef\xba\x00.`>r\xc0\xc1\
j\xd7\xb5\x00\xe0vvXv\x8d@\x9c\x97\x85\xacn\
\xf1\x97\x0d\xeb\x87\xb8%\x82\x84\xa9-\xbc\xf3'\xa6\xb8\
\xb7w\xfb\x0c1#\xeck\x5ckW\xc9\x01\xef\xe4m\
)+\x93\x17\xfc\x80r]-\xe7\xcab\xb9Hf\xa7\
\xd8J\x8a\xcd\xa8\xdcl\x02q\xa2\xd7\x19\xfa\xbe\xc4D\
P\xd8\xa9y\x08\x9e\xf6\xb4\xa7=\xediO{\xda\xd3\
\x9e\xf6\xb4\xa7=\xediO{\xda\xd3\x9e\xf64\x00\x96\
\xd0\xd6f[~_V\xb1\xe4\x11!e\x8e\x95\xd4\x5c\
\xc9RJ\x11\x07\xb6\xd5\x9a\xc0\xad\x8dbWvm\x9e\
\x9e\xf6\xa7j\xac\xbd\xee\x0f\xe7DV\x9c\x02\x97m\x9a\
\xf0S\xaa\xa5\xb8R\xc5\x85\x0d6\xa9\xcb\xd0\x0a7\xd5\
r#\x9a\xa7\x86\xffx\x1f\xfd\xfc\x9b\xf0\xfb\xe8\xf1k\
\xf1o\xef~\xb0=~\x7fO\xe3<p\x0e\xe2\xc1\xf1\
\xe3 \xaf\x06\xb1\xff1\x0c\x87\x83\x06\xff\x18b\xc3A\
{\xfd\xd3\x10\x1fC\x1c\xdd]\xfe|\x7f?VE9\
(\xb6\xdbcP]\x96\xfb\xfb?\xbc\x22-\x0e\x1f\xc3\
\xdf)\xc0\xf1o\xd8p\xf4\xe51\xfc\xcbc\xf8\x18\x90\
\x14\xe8\x1f\x1b\xfd\x1c\x01r\x5c\x02\xfb\xed\xfd\x10x\xd5\
\xdf\xfff~h>\x86$:|\x1b\xa7\xe9\xc7\xf0t\
H\xff\xf3{\xf8_\x84w\xdb\x87V\x891\x0a\xf9\xfa\
\xe7\x86\xf2:\xfe\x01\xd2_\xf7\x188u\xc7\xf8}\xbb\
\xdd\xfe\x04@\xbe]\x00(\xec\xc7O\xf7\xd4\xa7(\xa8\
+\xc0\x8f\xfd\x8f\x9c~{/\x9d*\x1a *\x15\x0a\
\x1fP\xaf)\xf9\x8d\x1e\xa0\xcf\x9c\xc6\x06\x14\xd53q\
(v\xc1\xed\xc4\xdb\xdd\x1f\xb7#\xc8;\x5c^\xe4\xc1\
c\xb1\xe7\xc8s\xca\x8f\xe1\xa18\xe5\xfeO\xee\xa4\x88\
\xf3\xbb\xffs\xf4c\xec\x1a=\xf9\x88\xbe\xa7\xeb\x91\xfe\
\x8d\xc1o\xf4\xd7\xf0\x07E\xe9xq\x85\xb6~\xa3\xe8\
_\xf1A\xbf\xfe;>\xc6\xd4g>\xc6\xf8\xff\x97\x8f\
\xf1\x8fj\x12\xd4\xbf\xe4c\xd2?\x8d\x16^\xe9\xfe\xe2\
\xce\x09\xfe\x89\x13\xfc/\xb0\x9f\xd3\xf8t\xc8\xd7\xa4\x7f\
\x11\xf9\xeb\x0f\xde?O\xc3?\x89\xbc\xff?\x94\xef\xbf\
\xfd\x0f\xa7\x88\xf9^\
\x00\x00\x01\x0b\
<\
svg xmlns=\x22http:\
//www.w3.org/200\
0/svg\x22 width=\x2224\
\x22 height=\x2224\x22 vi\
ewBox=\x220 0 24 24\
\x22 fill=\x22none\x22 st\
roke=\x22currentCol\
or\x22 stroke-width\
=\x222\x22 stroke-line\
cap=\x22round\x22 stro\
ke-linejoin=\x22rou\
nd\x22 class=\x22lucid\
e lucide-plus pr\
eview-icon\x22><pat\
h d=\x22M5 12h14\x22/>\
<path d=\x22M12 5v1\
4\x22/></svg>\
"

qt_resource_name = b"\
\x00\x05\
\x00o\xa6S\
\x00i\
\x00c\x00o\x00n\x00s\
\x00\x03\
\x00\x00x<\
\x00q\
\x00m\x00l\
\x00\x09\
\x0d\x85\xfc\xdc\
\x00P\
\x00a\x00g\x00e\x002\x00.\x00q\x00m\x00l\
\x00\x08\
\x08\x01^\x5c\
\x00M\
\x00a\x00i\x00n\x00.\x00q\x00m\x00l\
\x00\x0b\
\x086\xa5\x5c\
\x00S\
\x00i\x00d\x00e\x00b\x00a\x00r\x00.\x00q\x00m\x00l\
\x00\x11\
\x00JK\xfc\
\x00S\
\x00i\x00d\x00e\x00b\x00a\x00r\x00A\x00c\x00t\x00i\x00o\x00n\x00.\x00q\x00m\x00l\
\
\x00\x09\
\x0c8\xe5\xfc\
\x00T\
\x00h\x00e\x00m\x00e\x00.\x00q\x00m\x00l\
\x00\x15\
\x0d\xeb\xd0\xfc\
\x00C\
\x00r\x00e\x00a\x00t\x00e\x00P\x00r\x00o\x00j\x00e\x00c\x00t\x00P\x00a\x00g\x00e\
\x00.\x00q\x00m\x00l\
\x00\x08\
\x0aaa\xdc\
\x00I\
\x00c\x00o\x00n\x00.\x00q\x00m\x00l\
\x00\x06\
\x07\x84+\x02\
\x00q\
\x00m\x00l\x00d\x00i\x00r\
\x00\x0c\
\x00s\xe4<\
\x00P\
\x00a\x00g\x00e\x00I\x00t\x00e\x00m\x00.\x00q\x00m\x00l\
\x00\x0a\
\x05x\xd4\xa7\
\x00u\
\x00p\x00l\x00o\x00a\x00d\x00.\x00s\x00v\x00g\
\x00\x0f\
\x06\x9fG\xa7\
\x00f\
\x00o\x00l\x00d\x00e\x00r\x00-\x00p\x00l\x00u\x00s\x00.\x00s\x00v\x00g\
\x00\x08\
\x06\x8eU\x07\
\x00w\
\x00o\x00r\x00k\x00.\x00s\x00v\x00g\
\x00\x08\
\x05\xa6W\xa7\
\x00d\
\x00o\x00c\x00s\x00.\x00s\x00v\x00g\
\x00\x0a\
\x0a\xc8\xf6\x87\
\x00f\
\x00o\x00l\x00d\x00e\x00r\x00.\x00s\x00v\x00g\
\x00\x08\
\x06\xa8Tg\
\x00n\
\x00o\x00t\x00e\x00.\x00s\x00v\x00g\
\x00\x0c\
\x0b\xdf,\xc7\
\x00s\
\x00e\x00t\x00t\x00i\x00n\x00g\x00s\x00.\x00s\x00v\x00g\
\x00\x09\
\x08\x9b\xad\xc7\
\x00t\
\x00r\x00a\x00s\x00h\x00.\x00s\x00v\x00g\
\x00\x0a\
\x00o\xf7\xa7\
\x00n\
\x00o\x00t\x00i\x00o\x00n\x00.\x00s\x00v\x00g\
\x00\x08\
\x00\xc8W'\
\x00h\
\x00i\x00v\x00e\x00.\x00s\x00v\x00g\
\x00\x0f\
\x0b\x92P\x07\
\x00p\
\x00h\x00o\x00t\x00o\x00g\x00r\x00a\x00p\x00h\x00y\x00.\x00s\x00v\x00g\
\x00\x11\
\x0fsu\xa7\
\x00m\
\x00i\x00s\x00c\x00e\x00l\x00l\x00a\x00n\x00e\x00o\x00u\x00s\x00.\x00s\x00v\x00g\
\
\x00\x0e\
\x06\xb63g\
\x00c\
\x00h\x00e\x00a\x00t\x00s\x00h\x00e\x00e\x00t\x00.\x00s\x00v\x00g\
\x00\x15\
\x0c\xfb\x8e'\
\x00e\
\x00l\x00l\x00i\x00p\x00s\x00i\x00s\x00-\x00v\x00e\x00r\x00t\x00i\x00c\x00a\x00l\
\x00.\x00s\x00v\x00g\
\x00\x08\
\x00\xc8Z\xa7\
\x00h\
\x00i\x00v\x00e\x00.\x00p\x00n\x00g\
\x00\x09\
\x09k\xbaG\
\x00i\
\x00n\x00b\x00o\x00x\x00.\x00s\x00v\x00g\
\x00\x0d\
\x06\xf2R'\
\x00f\
\x00i\x00l\x00e\x00-\x00t\x00e\x00x\x00t\x00.\x00s\x00v\x00g\
\x00\x0e\
\x07\xf0L\xe7\
\x00s\
\x00q\x00u\x00a\x00r\x00e\x00-\x00p\x00e\x00n\x00.\x00s\x00v\x00g\
\x00\x0a\
\x08\x94m\xc7\
\x00s\
\x00e\x00a\x00r\x00c\x00h\x00.\x00s\x00v\x00g\
\x00\x11\
\x0e\x92xG\
\x00c\
\x00h\x00e\x00v\x00r\x00o\x00n\x00-\x00r\x00i\x00g\x00h\x00t\x00.\x00s\x00v\x00g\
\
\x00\x08\
\x068W'\
\x00h\
\x00o\x00m\x00e\x00.\x00s\x00v\x00g\
\x00\x0b\
\x08q\xd2\xa7\
\x00s\
\x00u\x00m\x00m\x00a\x00r\x00y\x00.\x00s\x00v\x00g\
\x00\x0a\
\x0c\xf7\x16G\
\x00c\
\x00o\x00n\x00f\x00i\x00g\x00.\x00s\x00v\x00g\
\x00\x0b\
\x00C\xc6\xa7\
\x00e\
\x00n\x00g\x00l\x00i\x00s\x00h\x00.\x00s\x00v\x00g\
\x00\x09\
\x08\x9c\x8f'\
\x00d\
\x00i\x00a\x00r\x00y\x00.\x00s\x00v\x00g\
\x00\x08\
\x05\xb2U\xa7\
\x00t\
\x00o\x00d\x00o\x00.\x00s\x00v\x00g\
\x00\x08\
\x03\xc6T'\
\x00p\
\x00l\x00u\x00s\x00.\x00s\x00v\x00g\
"

qt_resource_struct = b"\
\x00\x00\x00\x00\x00\x02\x00\x00\x00\x02\x00\x00\x00\x01\
\x00\x00\x00\x00\x00\x00\x00\x00\
\x00\x00\x00\x10\x00\x02\x00\x00\x00\x09\x00\x00\x00\x1e\
\x00\x00\x00\x00\x00\x00\x00\x00\
\x00\x00\x00\x00\x00\x02\x00\x00\x00\x1b\x00\x00\x00\x03\
\x00\x00\x00\x00\x00\x00\x00\x00\
\x00\x00\x03\xb8\x00\x01\x00\x00\x00\x01\x00\x00\xbc$\
\x00\x00\x01\xa0\xe6\xb4\x0cA\
\x00\x00\x01\xec\x00\x01\x00\x00\x00\x01\x00\x00h\x85\
\x00\x00\x01\xa0\xe6\xb4\x0c5\
\x00\x00\x02\x06\x00\x00\x00\x00\x00\x01\x00\x00q\x85\
\x00\x00\x01\xa0\xc1\x92\x18?\
\x00\x00\x02\xba\x00\x00\x00\x00\x00\x01\x00\x00\x8f\xec\
\x00\x00\x01\xa0\xc1\x953\x86\
\x00\x00\x04\x02\x00\x00\x00\x00\x00\x01\x00\x00\xd8\x12\
\x00\x00\x01\xa0\xbd\xb9CC\
\x00\x00\x01\x1c\x00\x00\x00\x00\x00\x01\x00\x006\xd0\
\x00\x00\x01\xa0\xd1\xef-\xc4\
\x00\x00\x01p\x00\x01\x00\x00\x00\x01\x00\x00B\xf0\
\x00\x00\x01\xa0\xe7qp\x01\
\x00\x00\x03\xec\x00\x01\x00\x00\x00\x01\x00\x00\xce\x97\
\x00\x00\x01\xa0\xe7qp\x07\
\x00\x00\x03l\x00\x01\x00\x00\x00\x01\x00\x00\xa0r\
\x00\x00\x01\xa0\xe6\xb4\x0cA\
\x00\x00\x01Z\x00\x01\x00\x00\x00\x01\x00\x009\xb2\
\x00\x00\x01\xa0\xe6\xb4\x0c!\
\x00\x00\x016\x00\x00\x00\x00\x00\x01\x00\x008\x1b\
\x00\x00\x01\xa0\xc71\xce\x05\
\x00\x00\x01\xa0\x00\x01\x00\x00\x00\x01\x00\x00T\x95\
\x00\x00\x01\xa0\xe7qp\x0d\
\x00\x00\x02h\x00\x01\x00\x00\x00\x01\x00\x00\x85\xa5\
\x00\x00\x01\xa0\xe6\xb4\x0cS\
\x00\x00\x02\xe8\x00\x00\x00\x00\x00\x01\x00\x00\x93O\
\x00\x00\x01\xa0\xbd\xb7\x93\xc2\
\x00\x00\x03\x08\x00\x00\x00\x00\x00\x01\x00\x00\x95\x13\
\x00\x00\x01\xa0\xe6\xda\xe9R\
\x00\x00\x03\x82\x00\x01\x00\x00\x00\x01\x00\x00\xa9\x8a\
\x00\x00\x01\xa0\xe7qo\xf7\
\x00\x00\x03*\x00\x01\x00\x00\x00\x01\x00\x00\x96\xc9\
\x00\x00\x01\xa0\xbd\xb6\xad\xea\
\x00\x00\x01\xd4\x00\x00\x00\x00\x00\x01\x00\x00f\xfc\
\x00\x00\x01\xa0\xbd\xb9\x0cs\
\x00\x00\x03\xd4\x00\x01\x00\x00\x00\x01\x00\x00\xc5e\
\x00\x00\x01\xa0\xe6\xb4\x0c!\
\x00\x00\x02\xd0\x00\x00\x00\x00\x00\x01\x00\x00\x91\xbb\
\x00\x00\x01\xa0\xbd\xb8\xe5r\
\x00\x00\x01\x86\x00\x01\x00\x00\x00\x01\x00\x00K\xdc\
\x00\x00\x01\xa0\xbd\xb5Q\xf9\
\x00\x00\x02\x1c\x00\x01\x00\x00\x00\x01\x00\x00s\x96\
\x00\x00\x01\xa0\xe6\xb4\x0c5\
\x00\x00\x01\xb6\x00\x01\x00\x00\x00\x01\x00\x00^\x01\
\x00\x00\x01\xa0\xbd\xb6\xb8\x94\
\x00\x00\x03\x9e\x00\x01\x00\x00\x00\x01\x00\x00\xb2\xb9\
\x00\x00\x01\xa0\xe7qp\x14\
\x00\x00\x02\x8a\x00\x00\x00\x00\x00\x01\x00\x00\x8e\x9c\
\x00\x00\x01\xa0\xcdvI\xdc\
\x00\x00\x03D\x00\x00\x00\x00\x00\x01\x00\x00\x9fi\
\x00\x00\x01\xa0\xbd\xb8\xa3\xbf\
\x00\x00\x02@\x00\x01\x00\x00\x00\x01\x00\x00|\xaf\
\x00\x00\x01\xa0\xe6\xb4\x0cA\
\x00\x00\x00f\x00\x00\x00\x00\x00\x01\x00\x00\x14\x9b\
\x00\x00\x01\xa0\xbd\x8a\x1c*\
\x00\x00\x00\xfe\x00\x00\x00\x00\x00\x01\x00\x00,S\
\x00\x00\x01\xa0\xb3\xac\x09\xed\
\x00\x00\x00\xec\x00\x00\x00\x00\x00\x01\x00\x00,1\
\x00\x00\x01\xa0\xbd\x8a\x1c\x1a\
\x00\x00\x004\x00\x00\x00\x00\x00\x01\x00\x00\x07s\
\x00\x00\x01\xa0\xcdt\xe4>\
\x00\x00\x00J\x00\x01\x00\x00\x00\x01\x00\x00\x0bb\
\x00\x00\x01\xa0\xea\xb0\x0dl\
\x00\x00\x00\xd6\x00\x00\x00\x00\x00\x01\x00\x00%j\
\x00\x00\x01\xa0\xe6\xe0{\x80\
\x00\x00\x00\x8e\x00\x00\x00\x00\x00\x01\x00\x00\x18=\
\x00\x00\x01\xa0\xe6\xdf>\xaf\
\x00\x00\x00\x1c\x00\x00\x00\x00\x00\x01\x00\x00\x00\x00\
\x00\x00\x01\xa0\xe6\xe3\xab.\
\x00\x00\x00\xa6\x00\x01\x00\x00\x00\x01\x00\x00\x1b\xc3\
\x00\x00\x01\xa0\xc8dn\xe8\
"

def qInitResources():
    QtCore.qRegisterResourceData(0x03, qt_resource_struct, qt_resource_name, qt_resource_data)

def qCleanupResources():
    QtCore.qUnregisterResourceData(0x03, qt_resource_struct, qt_resource_name, qt_resource_data)

qInitResources()
